Data,Cidade,Tipo_Mercado,Numero_Indice_Total,Var_Mensal_Percent,Var_12m_Percent,Preco_m2,IPCA,IGP-M,IPCA_var,IGPM_var,SELIC_media_mensal
2022-01-01,Aracaju,Locacao,100.0,,0.0,17.0,5.182683333333333,5.935103571428572,,,0.034749
2022-02-01,Aracaju,Locacao,101.1,,0.0,17.1,5.332007894736842,6.120422368421053,2.88122101620798,3.122418922638537,0.03959757894736843
2022-03-01,Aracaju,Locacao,99.5,,0.0,16.9,5.784530681818182,6.808053409090909,8.486911422768518,11.235025939022748,0.041953500000000005
2022-04-01,Aracaju,Locacao,96.4,,0.0,16.4,5.715367105263158,6.757856578947368,-1.195664442967126,-0.7373154575507912,0.043739
2022-05-01,Aracaju,Locacao,95.8,,0.0,16.2,5.998756818181818,6.515722727272728,4.958381634973064,-3.582997787034359,0.04679627272727272
2022-06-01,Aracaju,Locacao,97.3,,0.0,16.5,5.834003571428572,6.245964285714285,-2.746456503352324,-4.140115423102952,0.048116142857142864
2022-07-01,Aracaju,Locacao,100.1,,0.0,17.0,5.181057142857143,5.805783333333333,-11.192081399626952,-7.047445874574243,0.049037
2022-08-01,Aracaju,Locacao,102.0,,0.0,17.3,5.405071739130435,5.148797826086956,4.323723713067507,-11.316052796430752,0.050559608695652174
2022-09-01,Aracaju,Locacao,102.9,,0.0,17.5,5.071798809523809,4.665683333333333,-6.165929809846382,-9.383054240465029,0.050788
2022-10-01,Aracaju,Locacao,103.1,,0.0,17.5,5.05433875,4.2630525,-0.3442577314191286,-8.629621956055022,0.050788
2022-11-01,Aracaju,Locacao,102.1,,0.0,17.3,5.2362275,4.39405,3.598665601904893,3.0728568320469885,0.050788
2022-12-01,Aracaju,Locacao,101.6,,0.0626,17.2,5.232951136363637,4.484347727272727,-0.0625710711836591,2.0549999948277,0.05078799999999999
2023-01-01,Aracaju,Locacao,102.3,,0.0231,17.3,5.453275,4.650378409090909,4.210317618013626,3.702448871402697,0.05078799999999999
2023-02-01,Aracaju,Locacao,100.9,,-0.0016,17.1,5.678552777777778,4.643279166666667,4.131054784102739,-0.1526594569242756,0.050788
2023-03-01,Aracaju,Locacao,99.6,,0.0011,16.9,5.503395652173913,4.722534782608696,-3.0845381289633766,1.706888883851554,0.050788
2023-04-01,Aracaju,Locacao,100.6,,0.043,17.1,5.282602777777778,4.31285,-4.01193896188291,-8.67510355069081,0.050788
2023-05-01,Aracaju,Locacao,104.8,,0.0936999999999999,17.8,4.933446590909091,3.9326511363636367,-6.609548390378228,-8.815490073532894,0.05078799999999999
2023-06-01,Aracaju,Locacao,107.2,,0.1011,18.2,4.266885714285714,3.534380952380952,-13.511058939031695,-10.12726962480962,0.050788
2023-07-01,Aracaju,Locacao,111.7,,0.1158,18.9,4.134565476190476,3.753894047619047,-3.101096372284473,6.210793295788308,0.050788
2023-08-01,Aracaju,Locacao,115.2,,0.1284,19.5,4.13858152173913,4.114457608695652,0.0971334369181287,9.605054285037596,0.04918926086956521
2023-09-01,Aracaju,Locacao,119.4,,0.1601,20.2,4.11075625,4.09599,-0.6723383747056833,-0.4488467363625847,0.0484217
2023-10-01,Aracaju,Locacao,123.7,,0.1997,21.0,3.951163095238095,4.222013095238095,-3.882330769719189,3.0767432351664903,0.047279
2023-11-01,Aracaju,Locacao,126.2,,0.2357999999999999,21.4,3.9136225,4.29697875,-0.9501150505110356,1.7755902947448554,0.0456013
2023-12-01,Aracaju,Locacao,127.6,,0.2564,21.6,3.85192625,4.205685,-1.5764486738309769,-2.124603245943446,0.0445373
2024-01-01,Aracaju,Locacao,127.4,,0.2453999999999999,21.6,3.836232954545455,4.054798863636363,-0.4074142243648881,-3.587670887468664,0.043739
2024-02-01,Aracaju,Locacao,132.0,,0.3078,22.4,3.7164802631578944,3.8070263157894737,-3.121621987154566,-6.110600209271189,0.041957
2024-03-01,Aracaju,Locacao,141.1,,0.4169,23.9,3.47545875,3.90178375,-6.485209017445404,2.489014426234037,0.0414203
2024-04-01,Aracaju,Locacao,148.8,,0.4794,25.2,3.515184090909091,4.083145454545455,1.1430243822945885,4.648174172785846,0.040168
2024-05-01,Aracaju,Locacao,151.3,,0.4439,25.6,3.629939285714285,4.466585714285714,3.264557184984196,9.390805789526912,0.039483809523809525
2024-06-01,Aracaju,Locacao,153.3,,0.4302,26.0,3.64047125,4.47748625,0.290141610003336,0.2440462673630516,0.03927
2024-07-01,Aracaju,Locacao,152.4,,0.3644,25.8,3.752504347826087,4.288230434782609,3.077433940072627,-4.226831857214341,0.03927
2024-08-01,Aracaju,Locacao,148.6,,0.2907,25.2,3.826120454545455,4.1475420454545455,1.9617860472837425,-3.2808029201722544,0.03927
2024-09-01,Aracaju,Locacao,144.7,,0.2123,24.5,4.022889285714286,4.077870238095239,5.142776697870799,-1.6798336604125108,0.03961209523809524
2024-10-01,Aracaju,Locacao,139.9,,0.1304,23.7,4.065692391304348,4.3593402173913045,1.0639891518282596,6.902377046395181,0.040168
2024-11-01,Aracaju,Locacao,140.0,,0.1099,23.7,4.284196052631579,4.577456578947369,5.374328411922269,5.003425992903776,0.04158036842105264
2024-12-01,Aracaju,Locacao,141.3,,0.1075,24.0,4.820945238095239,4.975930952380953,12.528585967347606,8.705148078656745,0.044158333333333334
2025-01-01,Aracaju,Locacao,143.5,,0.1265,24.3,5.259276136363637,4.963214772727273,9.092218986531853,-0.2555537802950258,0.04583336363636364
2025-02-01,Aracaju,Locacao,149.9,,0.1357,25.4,5.690838749999999,5.175330000000001,8.205741673316158,4.273746694144576,0.049037
2025-03-01,Aracaju,Locacao,151.6,,0.0744,25.7,5.255302631578948,5.0825815789473685,-7.653285175600022,-1.792125739858752,0.05050815789473684
2025-04-01,Aracaju,Locacao,155.9,,0.0476999999999999,26.4,4.990705,5.09747,-5.034869542792619,0.2929302918481591,0.05253100000000001
2022-01-01,Aracaju,Venda,100.0,,0.0,4021.0,5.182683333333333,5.935103571428572,,,0.034749
2022-02-01,Aracaju,Venda,101.5,,0.0,4080.0,5.332007894736842,6.120422368421053,2.88122101620798,3.122418922638537,0.03959757894736843
2022-03-01,Aracaju,Venda,103.5,,0.0,4162.0,5.784530681818182,6.808053409090909,8.486911422768518,11.235025939022748,0.041953500000000005
2022-04-01,Aracaju,Venda,107.1,,0.0,4307.0,5.715367105263158,6.757856578947368,-1.195664442967126,-0.7373154575507912,0.043739
2022-05-01,Aracaju,Venda,111.0,,0.0,4462.0,5.998756818181818,6.515722727272728,4.958381634973064,-3.582997787034359,0.04679627272727272
2022-06-01,Aracaju,Venda,114.4,,0.0,4601.0,5.834003571428572,6.245964285714285,-2.746456503352324,-4.140115423102952,0.048116142857142864
2022-07-01,Aracaju,Venda,115.1,,0.0,4626.0,5.181057142857143,5.805783333333333,-11.192081399626952,-7.047445874574243,0.049037
2022-08-01,Aracaju,Venda,114.2,,0.0,4593.0,5.405071739130435,5.148797826086956,4.323723713067507,-11.316052796430752,0.050559608695652174
2022-09-01,Aracaju,Venda,113.0,,0.0,4543.0,5.071798809523809,4.665683333333333,-6.165929809846382,-9.383054240465029,0.050788
2022-10-01,Aracaju,Venda,110.9,,0.0,4460.0,5.05433875,4.2630525,-0.3442577314191286,-8.629621956055022,0.050788
2022-11-01,Aracaju,Venda,108.1,,0.0,4347.0,5.2362275,4.39405,3.598665601904893,3.0728568320469885,0.050788
2022-12-01,Aracaju,Venda,106.7,,0.0698,4288.0,5.232951136363637,4.484347727272727,-0.0625710711836591,2.0549999948277,0.05078799999999999
2023-01-01,Aracaju,Venda,105.2,,0.0518,4229.0,5.453275,4.650378409090909,4.210317618013626,3.702448871402697,0.05078799999999999
2023-02-01,Aracaju,Venda,103.6,,0.0212,4167.0,5.678552777777778,4.643279166666667,4.131054784102739,-0.1526594569242756,0.050788
2023-03-01,Aracaju,Venda,102.7,,-0.0076,4130.0,5.503395652173913,4.722534782608696,-3.0845381289633766,1.706888883851554,0.050788
2023-04-01,Aracaju,Venda,104.5,,-0.0241,4203.0,5.282602777777778,4.31285,-4.01193896188291,-8.67510355069081,0.050788
2023-05-01,Aracaju,Venda,108.6,,-0.0217,4365.0,4.933446590909091,3.9326511363636367,-6.609548390378228,-8.815490073532894,0.05078799999999999
2023-06-01,Aracaju,Venda,111.4,,-0.0268,4478.0,4.266885714285714,3.534380952380952,-13.511058939031695,-10.12726962480962,0.050788
2023-07-01,Aracaju,Venda,111.5,,-0.0308,4484.0,4.134565476190476,3.753894047619047,-3.101096372284473,6.210793295788308,0.050788
2023-08-01,Aracaju,Venda,111.8,,-0.0210999999999999,4496.0,4.13858152173913,4.114457608695652,0.0971334369181287,9.605054285037596,0.04918926086956521
2023-09-01,Aracaju,Venda,112.0,,-0.0085,4505.0,4.11075625,4.09599,-0.6723383747056833,-0.4488467363625847,0.0484217
2023-10-01,Aracaju,Venda,113.0,,0.0191,4545.0,3.951163095238095,4.222013095238095,-3.882330769719189,3.0767432351664903,0.047279
2023-11-01,Aracaju,Venda,113.0,,0.045,4543.0,3.9136225,4.29697875,-0.9501150505110356,1.7755902947448554,0.0456013
2023-12-01,Aracaju,Venda,112.9,,0.0588999999999999,4541.0,3.85192625,4.205685,-1.5764486738309769,-2.124603245943446,0.0445373
2024-01-01,Aracaju,Venda,112.9,,0.0733999999999999,4540.0,3.836232954545455,4.054798863636363,-0.4074142243648881,-3.587670887468664,0.043739
2024-02-01,Aracaju,Venda,112.8,,0.0881,4534.0,3.7164802631578944,3.8070263157894737,-3.121621987154566,-6.110600209271189,0.041957
2024-03-01,Aracaju,Venda,112.7,,0.0975999999999999,4533.0,3.47545875,3.90178375,-6.485209017445404,2.489014426234037,0.0414203
2024-04-01,Aracaju,Venda,113.1,,0.0818,4547.0,3.515184090909091,4.083145454545455,1.1430243822945885,4.648174172785846,0.040168
2024-05-01,Aracaju,Venda,114.1,,0.0513999999999999,4589.0,3.629939285714285,4.466585714285714,3.264557184984196,9.390805789526912,0.039483809523809525
2024-06-01,Aracaju,Venda,116.0,,0.0419,4665.0,3.64047125,4.47748625,0.290141610003336,0.2440462673630516,0.03927
2024-07-01,Aracaju,Venda,117.4,,0.0527,4720.0,3.752504347826087,4.288230434782609,3.077433940072627,-4.226831857214341,0.03927
2024-08-01,Aracaju,Venda,119.1,,0.0648,4788.0,3.826120454545455,4.1475420454545455,1.9617860472837425,-3.2808029201722544,0.03927
2024-09-01,Aracaju,Venda,121.6,,0.0852,4889.0,4.022889285714286,4.077870238095239,5.142776697870799,-1.6798336604125108,0.03961209523809524
2024-10-01,Aracaju,Venda,124.4,,0.1007,5003.0,4.065692391304348,4.3593402173913045,1.0639891518282596,6.902377046395181,0.040168
2024-11-01,Aracaju,Venda,127.3,,0.1271,5120.0,4.284196052631579,4.577456578947369,5.374328411922269,5.003425992903776,0.04158036842105264
2024-12-01,Aracaju,Venda,128.5,,0.1379,5167.0,4.820945238095239,4.975930952380953,12.528585967347606,8.705148078656745,0.044158333333333334
2025-01-01,Aracaju,Venda,128.2,,0.1354,5155.0,5.259276136363637,4.963214772727273,9.092218986531853,-0.2555537802950258,0.04583336363636364
2025-02-01,Aracaju,Venda,127.1,,0.1275,5112.0,5.690838749999999,5.175330000000001,8.205741673316158,4.273746694144576,0.049037
2025-03-01,Aracaju,Venda,127.3,,0.1292,5119.0,5.255302631578948,5.0825815789473685,-7.653285175600022,-1.792125739858752,0.05050815789473684
2025-04-01,Aracaju,Venda,128.6,,0.1369999999999999,5170.0,4.990705,5.09747,-5.034869542792619,0.2929302918481591,0.05253100000000001
2020-01-01,Fortaleza,Locacao,102.7,,0.0697,17.7,,,,,
2020-02-01,Fortaleza,Locacao,101.8,,0.0592,17.6,,,,,
2020-03-01,Fortaleza,Locacao,101.2,,0.046,17.5,,,,,
2020-04-01,Fortaleza,Locacao,101.0,,0.0260999999999999,17.4,,,,,
2020-05-01,Fortaleza,Locacao,101.1,,-0.0002,17.4,,,,,
2020-06-01,Fortaleza,Locacao,102.3,,0.0029,17.6,,,,,
2020-07-01,Fortaleza,Locacao,102.7,,0.0048,17.7,,,,,
2020-08-01,Fortaleza,Locacao,102.4,,-0.0012,17.7,,,,,
2020-09-01,Fortaleza,Locacao,101.2,,-0.0098999999999999,17.5,,,,,
2020-10-01,Fortaleza,Locacao,101.4,,-0.0083,17.5,,,,,
2020-11-01,Fortaleza,Locacao,102.3,,-0.0039,17.6,,,,,
2020-12-01,Fortaleza,Locacao,102.9,,0.0026,17.7,,,,,
2021-01-01,Fortaleza,Locacao,102.5,,-0.0017,17.7,,,,,
2021-02-01,Fortaleza,Locacao,102.0,,0.0014,17.6,,,,,
2021-03-01,Fortaleza,Locacao,102.1,,0.0087,17.6,,,,,
2021-04-01,Fortaleza,Locacao,102.0,,0.0098999999999999,17.6,,,,,
2021-05-01,Fortaleza,Locacao,102.7,,0.0157,17.7,,,,,
2021-06-01,Fortaleza,Locacao,103.5,,0.0121,17.9,,,,,
2021-07-01,Fortaleza,Locacao,104.7,,0.0197,18.1,,,,,
2021-08-01,Fortaleza,Locacao,106.9,,0.0436,18.4,,,,,
2021-09-01,Fortaleza,Locacao,108.2,,0.0691,18.7,,,,,
2021-10-01,Fortaleza,Locacao,110.3,,0.0873,19.0,,,,,
2021-11-01,Fortaleza,Locacao,111.3,,0.0885,19.2,,,,,
2021-12-01,Fortaleza,Locacao,112.7,,0.0955,19.4,,,,,
2022-01-01,Fortaleza,Locacao,113.9,,0.1110999999999999,19.7,5.182683333333333,5.935103571428572,,,0.034749
2022-02-01,Fortaleza,Locacao,116.6,,0.1437,20.1,5.332007894736842,6.120422368421053,2.88122101620798,3.122418922638537,0.03959757894736843
2022-03-01,Fortaleza,Locacao,120.3,,0.1789,20.8,5.784530681818182,6.808053409090909,8.486911422768518,11.235025939022748,0.041953500000000005
2022-04-01,Fortaleza,Locacao,123.6,,0.2123,21.3,5.715367105263158,6.757856578947368,-1.195664442967126,-0.7373154575507912,0.043739
2022-05-01,Fortaleza,Locacao,125.6,,0.223,21.7,5.998756818181818,6.515722727272728,4.958381634973064,-3.582997787034359,0.04679627272727272
2022-06-01,Fortaleza,Locacao,128.1,,0.2379,22.1,5.834003571428572,6.245964285714285,-2.746456503352324,-4.140115423102952,0.048116142857142864
2022-07-01,Fortaleza,Locacao,132.6,,0.2668,22.9,5.181057142857143,5.805783333333333,-11.192081399626952,-7.047445874574243,0.049037
2022-08-01,Fortaleza,Locacao,136.9,,0.2801,23.6,5.405071739130435,5.148797826086956,4.323723713067507,-11.316052796430752,0.050559608695652174
2022-09-01,Fortaleza,Locacao,139.2,,0.2855999999999999,24.0,5.071798809523809,4.665683333333333,-6.165929809846382,-9.383054240465029,0.050788
2022-10-01,Fortaleza,Locacao,137.8,,0.2498999999999999,23.8,5.05433875,4.2630525,-0.3442577314191286,-8.629621956055022,0.050788
2022-11-01,Fortaleza,Locacao,138.1,,0.2398999999999999,23.8,5.2362275,4.39405,3.598665601904893,3.0728568320469885,0.050788
2022-12-01,Fortaleza,Locacao,136.8,,0.2133,23.6,5.232951136363637,4.484347727272727,-0.0625710711836591,2.0549999948277,0.05078799999999999
2023-01-01,Fortaleza,Locacao,139.4,,0.2239,24.1,5.453275,4.650378409090909,4.210317618013626,3.702448871402697,0.05078799999999999
2023-02-01,Fortaleza,Locacao,141.5,,0.2132,24.4,5.678552777777778,4.643279166666667,4.131054784102739,-0.1526594569242756,0.050788
2023-03-01,Fortaleza,Locacao,147.4,,0.2245,25.4,5.503395652173913,4.722534782608696,-3.0845381289633766,1.706888883851554,0.050788
2023-04-01,Fortaleza,Locacao,152.1,,0.2304,26.2,5.282602777777778,4.31285,-4.01193896188291,-8.67510355069081,0.050788
2023-05-01,Fortaleza,Locacao,153.6,,0.2235,26.5,4.933446590909091,3.9326511363636367,-6.609548390378228,-8.815490073532894,0.05078799999999999
2023-06-01,Fortaleza,Locacao,155.3,,0.2123,26.8,4.266885714285714,3.534380952380952,-13.511058939031695,-10.12726962480962,0.050788
2023-07-01,Fortaleza,Locacao,156.6,,0.1809,27.0,4.134565476190476,3.753894047619047,-3.101096372284473,6.210793295788308,0.050788
2023-08-01,Fortaleza,Locacao,159.8,,0.168,27.6,4.13858152173913,4.114457608695652,0.0971334369181287,9.605054285037596,0.04918926086956521
2023-09-01,Fortaleza,Locacao,162.3,,0.1664999999999999,28.0,4.11075625,4.09599,-0.6723383747056833,-0.4488467363625847,0.0484217
2023-10-01,Fortaleza,Locacao,164.9,,0.1967,28.4,3.951163095238095,4.222013095238095,-3.882330769719189,3.0767432351664903,0.047279
2023-11-01,Fortaleza,Locacao,167.5,,0.2135,28.9,3.9136225,4.29697875,-0.9501150505110356,1.7755902947448554,0.0456013
2023-12-01,Fortaleza,Locacao,166.8,,0.2195,28.8,3.85192625,4.205685,-1.5764486738309769,-2.124603245943446,0.0445373
2024-01-01,Fortaleza,Locacao,166.0,,0.1903999999999999,28.6,3.836232954545455,4.054798863636363,-0.4074142243648881,-3.587670887468664,0.043739
2024-02-01,Fortaleza,Locacao,165.8,,0.1719,28.6,3.7164802631578944,3.8070263157894737,-3.121621987154566,-6.110600209271189,0.041957
2024-03-01,Fortaleza,Locacao,169.5,,0.1501,29.2,3.47545875,3.90178375,-6.485209017445404,2.489014426234037,0.0414203
2024-04-01,Fortaleza,Locacao,173.3,,0.1394999999999999,29.9,3.515184090909091,4.083145454545455,1.1430243822945885,4.648174172785846,0.040168
2024-05-01,Fortaleza,Locacao,174.8,,0.1375,30.1,3.629939285714285,4.466585714285714,3.264557184984196,9.390805789526912,0.039483809523809525
2024-06-01,Fortaleza,Locacao,176.3,,0.135,30.4,3.64047125,4.47748625,0.290141610003336,0.2440462673630516,0.03927
2024-07-01,Fortaleza,Locacao,178.7,,0.1409,30.8,3.752504347826087,4.288230434782609,3.077433940072627,-4.226831857214341,0.03927
2024-08-01,Fortaleza,Locacao,184.6,,0.1548,31.8,3.826120454545455,4.1475420454545455,1.9617860472837425,-3.2808029201722544,0.03927
2024-09-01,Fortaleza,Locacao,187.3,,0.1541,32.3,4.022889285714286,4.077870238095239,5.142776697870799,-1.6798336604125108,0.03961209523809524
2024-10-01,Fortaleza,Locacao,188.5,,0.143,32.5,4.065692391304348,4.3593402173913045,1.0639891518282596,6.902377046395181,0.040168
2024-11-01,Fortaleza,Locacao,189.9,,0.1336,32.8,4.284196052631579,4.577456578947369,5.374328411922269,5.003425992903776,0.04158036842105264
2024-12-01,Fortaleza,Locacao,191.3,,0.1467999999999999,33.0,4.820945238095239,4.975930952380953,12.528585967347606,8.705148078656745,0.044158333333333334
2025-01-01,Fortaleza,Locacao,192.2,,0.1576,33.1,5.259276136363637,4.963214772727273,9.092218986531853,-0.2555537802950258,0.04583336363636364
2025-02-01,Fortaleza,Locacao,194.5,,0.1729,33.5,5.690838749999999,5.175330000000001,8.205741673316158,4.273746694144576,0.049037
2025-03-01,Fortaleza,Locacao,198.7,,0.1724,34.3,5.255302631578948,5.0825815789473685,-7.653285175600022,-1.792125739858752,0.05050815789473684
2025-04-01,Fortaleza,Locacao,202.8,,0.17,35.0,4.990705,5.09747,-5.034869542792619,0.2929302918481591,0.05253100000000001
2020-01-01,Fortaleza,Venda,152.1,,-0.0878999999999999,5725.0,,,,,
2020-02-01,Fortaleza,Venda,151.9,,-0.0908,5720.0,,,,,
2020-03-01,Fortaleza,Venda,151.4,,-0.09,5701.0,,,,,
2020-04-01,Fortaleza,Venda,151.1,,-0.0911,5688.0,,,,,
2020-05-01,Fortaleza,Venda,150.9,,-0.0868,5683.0,,,,,
2020-06-01,Fortaleza,Venda,151.2,,-0.0843999999999999,5692.0,,,,,
2020-07-01,Fortaleza,Venda,151.9,,-0.0794,5719.0,,,,,
2020-08-01,Fortaleza,Venda,152.6,,-0.0725,5746.0,,,,,
2020-09-01,Fortaleza,Venda,153.4,,-0.0626999999999999,5776.0,,,,,
2020-10-01,Fortaleza,Venda,154.6,,-0.0373,5822.0,,,,,
2020-11-01,Fortaleza,Venda,155.7,,-0.0132,5863.0,,,,,
2020-12-01,Fortaleza,Venda,157.4,,0.0274,5928.0,,,,,
2021-01-01,Fortaleza,Venda,157.2,,0.0341,5920.0,,,,,
2021-02-01,Fortaleza,Venda,156.9,,0.0327999999999999,5908.0,,,,,
2021-03-01,Fortaleza,Venda,156.2,,0.0317,5882.0,,,,,
2021-04-01,Fortaleza,Venda,156.1,,0.0335,5878.0,,,,,
2021-05-01,Fortaleza,Venda,157.1,,0.0407,5915.0,,,,,
2021-06-01,Fortaleza,Venda,158.2,,0.0466,5957.0,,,,,
2021-07-01,Fortaleza,Venda,160.1,,0.054,6028.0,,,,,
2021-08-01,Fortaleza,Venda,161.4,,0.0575,6077.0,,,,,
2021-09-01,Fortaleza,Venda,162.3,,0.0582,6112.0,,,,,
2021-10-01,Fortaleza,Venda,163.7,,0.0588,6164.0,,,,,
2021-11-01,Fortaleza,Venda,164.9,,0.0593,6211.0,,,,,
2021-12-01,Fortaleza,Venda,166.2,,0.0554,6257.0,,,,,
2022-01-01,Fortaleza,Venda,167.4,,0.0644,6302.0,5.182683333333333,5.935103571428572,,,0.034749
2022-02-01,Fortaleza,Venda,169.3,,0.0791999999999999,6376.0,5.332007894736842,6.120422368421053,2.88122101620798,3.122418922638537,0.03959757894736843
2022-03-01,Fortaleza,Venda,171.7,,0.0992,6466.0,5.784530681818182,6.808053409090909,8.486911422768518,11.235025939022748,0.041953500000000005
2022-04-01,Fortaleza,Venda,172.8,,0.107,6508.0,5.715367105263158,6.757856578947368,-1.195664442967126,-0.7373154575507912,0.043739
2022-05-01,Fortaleza,Venda,173.4,,0.1041,6530.0,5.998756818181818,6.515722727272728,4.958381634973064,-3.582997787034359,0.04679627272727272
2022-06-01,Fortaleza,Venda,173.8,,0.0983,6543.0,5.834003571428572,6.245964285714285,-2.746456503352324,-4.140115423102952,0.048116142857142864
2022-07-01,Fortaleza,Venda,174.8,,0.0921,6583.0,5.181057142857143,5.805783333333333,-11.192081399626952,-7.047445874574243,0.049037
2022-08-01,Fortaleza,Venda,175.9,,0.0902,6625.0,5.405071739130435,5.148797826086956,4.323723713067507,-11.316052796430752,0.050559608695652174
2022-09-01,Fortaleza,Venda,176.7,,0.0885,6653.0,5.071798809523809,4.665683333333333,-6.165929809846382,-9.383054240465029,0.050788
2022-10-01,Fortaleza,Venda,177.7,,0.0855,6691.0,5.05433875,4.2630525,-0.3442577314191286,-8.629621956055022,0.050788
2022-11-01,Fortaleza,Venda,178.8,,0.0841,6733.0,5.2362275,4.39405,3.598665601904893,3.0728568320469885,0.050788
2022-12-01,Fortaleza,Venda,179.9,,0.0828999999999999,6775.0,5.232951136363637,4.484347727272727,-0.0625710711836591,2.0549999948277,0.05078799999999999
2023-01-01,Fortaleza,Venda,181.3,,0.083,6825.0,5.453275,4.650378409090909,4.210317618013626,3.702448871402697,0.05078799999999999
2023-02-01,Fortaleza,Venda,181.7,,0.0733,6843.0,5.678552777777778,4.643279166666667,4.131054784102739,-0.1526594569242756,0.050788
2023-03-01,Fortaleza,Venda,182.5,,0.0630999999999999,6873.0,5.503395652173913,4.722534782608696,-3.0845381289633766,1.706888883851554,0.050788
2023-04-01,Fortaleza,Venda,183.3,,0.0603,6900.0,5.282602777777778,4.31285,-4.01193896188291,-8.67510355069081,0.050788
2023-05-01,Fortaleza,Venda,184.5,,0.0636,6945.0,4.933446590909091,3.9326511363636367,-6.609548390378228,-8.815490073532894,0.05078799999999999
2023-06-01,Fortaleza,Venda,186.4,,0.0726,7018.0,4.266885714285714,3.534380952380952,-13.511058939031695,-10.12726962480962,0.050788
2023-07-01,Fortaleza,Venda,187.9,,0.0745,7073.0,4.134565476190476,3.753894047619047,-3.101096372284473,6.210793295788308,0.050788
2023-08-01,Fortaleza,Venda,188.8,,0.0729,7108.0,4.13858152173913,4.114457608695652,0.0971334369181287,9.605054285037596,0.04918926086956521
2023-09-01,Fortaleza,Venda,188.7,,0.0678,7104.0,4.11075625,4.09599,-0.6723383747056833,-0.4488467363625847,0.0484217
2023-10-01,Fortaleza,Venda,188.9,,0.0633,7114.0,3.951163095238095,4.222013095238095,-3.882330769719189,3.0767432351664903,0.047279
2023-11-01,Fortaleza,Venda,189.4,,0.0591,7131.0,3.9136225,4.29697875,-0.9501150505110356,1.7755902947448554,0.0456013
2023-12-01,Fortaleza,Venda,189.6,,0.0537,7139.0,3.85192625,4.205685,-1.5764486738309769,-2.124603245943446,0.0445373
2024-01-01,Fortaleza,Venda,189.8,,0.0472,7147.0,3.836232954545455,4.054798863636363,-0.4074142243648881,-3.587670887468664,0.043739
2024-02-01,Fortaleza,Venda,190.9,,0.0501999999999999,7187.0,3.7164802631578944,3.8070263157894737,-3.121621987154566,-6.110600209271189,0.041957
2024-03-01,Fortaleza,Venda,192.3,,0.0535,7241.0,3.47545875,3.90178375,-6.485209017445404,2.489014426234037,0.0414203
2024-04-01,Fortaleza,Venda,194.1,,0.0592,7309.0,3.515184090909091,4.083145454545455,1.1430243822945885,4.648174172785846,0.040168
2024-05-01,Fortaleza,Venda,195.2,,0.0584999999999999,7351.0,3.629939285714285,4.466585714285714,3.264557184984196,9.390805789526912,0.039483809523809525
2024-06-01,Fortaleza,Venda,196.9,,0.0562,7412.0,3.64047125,4.47748625,0.290141610003336,0.2440462673630516,0.03927
2024-07-01,Fortaleza,Venda,199.1,,0.06,7498.0,3.752504347826087,4.288230434782609,3.077433940072627,-4.226831857214341,0.03927
2024-08-01,Fortaleza,Venda,202.4,,0.0721,7620.0,3.826120454545455,4.1475420454545455,1.9617860472837425,-3.2808029201722544,0.03927
2024-09-01,Fortaleza,Venda,204.6,,0.0844999999999999,7704.0,4.022889285714286,4.077870238095239,5.142776697870799,-1.6798336604125108,0.03961209523809524
2024-10-01,Fortaleza,Venda,206.2,,0.0915,7765.0,4.065692391304348,4.3593402173913045,1.0639891518282596,6.902377046395181,0.040168
2024-11-01,Fortaleza,Venda,208.3,,0.0998,7843.0,4.284196052631579,4.577456578947369,5.374328411922269,5.003425992903776,0.04158036842105264
2024-12-01,Fortaleza,Venda,211.4,,0.1149,7960.0,4.820945238095239,4.975930952380953,12.528585967347606,8.705148078656745,0.044158333333333334
2025-01-01,Fortaleza,Venda,214.2,,0.1283,8064.0,5.259276136363637,4.963214772727273,9.092218986531853,-0.2555537802950258,0.04583336363636364
2025-02-01,Fortaleza,Venda,215.3,,0.1278,8105.0,5.690838749999999,5.175330000000001,8.205741673316158,4.273746694144576,0.049037
2025-03-01,Fortaleza,Venda,215.8,,0.1223,8127.0,5.255302631578948,5.0825815789473685,-7.653285175600022,-1.792125739858752,0.05050815789473684
2025-04-01,Fortaleza,Venda,218.0,,0.1233,8209.0,4.990705,5.09747,-5.034869542792619,0.2929302918481591,0.05253100000000001
2022-01-01,João,Locacao,100.0,,0.0,27.3,5.182683333333333,5.935103571428572,,,0.034749
2022-02-01,João,Locacao,103.1,,0.0,28.2,5.332007894736842,6.120422368421053,2.88122101620798,3.122418922638537,0.03959757894736843
2022-03-01,João,Locacao,105.1,,0.0,28.7,5.784530681818182,6.808053409090909,8.486911422768518,11.235025939022748,0.041953500000000005
2022-04-01,João,Locacao,107.6,,0.0,29.4,5.715367105263158,6.757856578947368,-1.195664442967126,-0.7373154575507912,0.043739
2022-05-01,João,Locacao,109.0,,0.0,29.8,5.998756818181818,6.515722727272728,4.958381634973064,-3.582997787034359,0.04679627272727272
2022-06-01,João,Locacao,110.4,,0.0,30.1,5.834003571428572,6.245964285714285,-2.746456503352324,-4.140115423102952,0.048116142857142864
2022-07-01,João,Locacao,111.7,,0.0,30.5,5.181057142857143,5.805783333333333,-11.192081399626952,-7.047445874574243,0.049037
2022-08-01,João,Locacao,113.0,,0.0,30.8,5.405071739130435,5.148797826086956,4.323723713067507,-11.316052796430752,0.050559608695652174
2022-09-01,João,Locacao,113.9,,0.0,31.1,5.071798809523809,4.665683333333333,-6.165929809846382,-9.383054240465029,0.050788
2022-10-01,João,Locacao,114.4,,0.0,31.2,5.05433875,4.2630525,-0.3442577314191286,-8.629621956055022,0.050788
2022-11-01,João,Locacao,113.3,,0.0,30.9,5.2362275,4.39405,3.598665601904893,3.0728568320469885,0.050788
2022-12-01,João,Locacao,114.3,,0.1616,31.2,5.232951136363637,4.484347727272727,-0.0625710711836591,2.0549999948277,0.05078799999999999
2023-01-01,João,Locacao,116.8,,0.1676,31.9,5.453275,4.650378409090909,4.210317618013626,3.702448871402697,0.05078799999999999
2023-02-01,João,Locacao,120.6,,0.1689,32.9,5.678552777777778,4.643279166666667,4.131054784102739,-0.1526594569242756,0.050788
2023-03-01,João,Locacao,123.4,,0.1743,33.7,5.503395652173913,4.722534782608696,-3.0845381289633766,1.706888883851554,0.050788
2023-04-01,João,Locacao,124.6,,0.1573,34.0,5.282602777777778,4.31285,-4.01193896188291,-8.67510355069081,0.050788
2023-05-01,João,Locacao,125.7,,0.1534,34.3,4.933446590909091,3.9326511363636367,-6.609548390378228,-8.815490073532894,0.05078799999999999
2023-06-01,João,Locacao,127.4,,0.1542,34.8,4.266885714285714,3.534380952380952,-13.511058939031695,-10.12726962480962,0.050788
2023-07-01,João,Locacao,129.3,,0.1577,35.3,4.134565476190476,3.753894047619047,-3.101096372284473,6.210793295788308,0.050788
2023-08-01,João,Locacao,130.7,,0.1567,35.7,4.13858152173913,4.114457608695652,0.0971334369181287,9.605054285037596,0.04918926086956521
2023-09-01,João,Locacao,130.9,,0.1496,35.7,4.11075625,4.09599,-0.6723383747056833,-0.4488467363625847,0.0484217
2023-10-01,João,Locacao,132.1,,0.1546,36.1,3.951163095238095,4.222013095238095,-3.882330769719189,3.0767432351664903,0.047279
2023-11-01,João,Locacao,134.3,,0.1853999999999999,36.7,3.9136225,4.29697875,-0.9501150505110356,1.7755902947448554,0.0456013
2023-12-01,João,Locacao,137.4,,0.2019,37.5,3.85192625,4.205685,-1.5764486738309769,-2.124603245943446,0.0445373
2024-01-01,João,Locacao,139.2,,0.1923,38.0,3.836232954545455,4.054798863636363,-0.4074142243648881,-3.587670887468664,0.043739
2024-02-01,João,Locacao,141.2,,0.171,38.5,3.7164802631578944,3.8070263157894737,-3.121621987154566,-6.110600209271189,0.041957
2024-03-01,João,Locacao,142.1,,0.1510999999999999,38.8,3.47545875,3.90178375,-6.485209017445404,2.489014426234037,0.0414203
2024-04-01,João,Locacao,144.1,,0.1568,39.3,3.515184090909091,4.083145454545455,1.1430243822945885,4.648174172785846,0.040168
2024-05-01,João,Locacao,144.6,,0.1502,39.5,3.629939285714285,4.466585714285714,3.264557184984196,9.390805789526912,0.039483809523809525
2024-06-01,João,Locacao,145.8,,0.1439,39.8,3.64047125,4.47748625,0.290141610003336,0.2440462673630516,0.03927
2024-07-01,João,Locacao,145.9,,0.1288,39.8,3.752504347826087,4.288230434782609,3.077433940072627,-4.226831857214341,0.03927
2024-08-01,João,Locacao,146.4,,0.1208,40.0,3.826120454545455,4.1475420454545455,1.9617860472837425,-3.2808029201722544,0.03927
2024-09-01,João,Locacao,146.6,,0.1201,40.0,4.022889285714286,4.077870238095239,5.142776697870799,-1.6798336604125108,0.03961209523809524
2024-10-01,João,Locacao,148.0,,0.1202,40.4,4.065692391304348,4.3593402173913045,1.0639891518282596,6.902377046395181,0.040168
2024-11-01,João,Locacao,149.2,,0.1108,40.7,4.284196052631579,4.577456578947369,5.374328411922269,5.003425992903776,0.04158036842105264
2024-12-01,João,Locacao,151.4,,0.1015,41.3,4.820945238095239,4.975930952380953,12.528585967347606,8.705148078656745,0.044158333333333334
2025-01-01,João,Locacao,154.9,,0.1128999999999999,42.3,5.259276136363637,4.963214772727273,9.092218986531853,-0.2555537802950258,0.04583336363636364
2025-02-01,João,Locacao,158.9,,0.1252,43.4,5.690838749999999,5.175330000000001,8.205741673316158,4.273746694144576,0.049037
2025-03-01,João,Locacao,161.5,,0.1366,44.1,5.255302631578948,5.0825815789473685,-7.653285175600022,-1.792125739858752,0.05050815789473684
2025-04-01,João,Locacao,162.9,,0.1301,44.4,4.990705,5.09747,-5.034869542792619,0.2929302918481591,0.05253100000000001
2022-01-01,João,Venda,110.9,,0.0844999999999999,4984.0,5.182683333333333,5.935103571428572,,,0.034749
2022-02-01,João,Venda,112.1,,0.0873,5039.0,5.332007894736842,6.120422368421053,2.88122101620798,3.122418922638537,0.03959757894736843
2022-03-01,João,Venda,113.1,,0.0907,5085.0,5.784530681818182,6.808053409090909,8.486911422768518,11.235025939022748,0.041953500000000005
2022-04-01,João,Venda,114.8,,0.0969999999999999,5160.0,5.715367105263158,6.757856578947368,-1.195664442967126,-0.7373154575507912,0.043739
2022-05-01,João,Venda,116.5,,0.1065,5235.0,5.998756818181818,6.515722727272728,4.958381634973064,-3.582997787034359,0.04679627272727272
2022-06-01,João,Venda,117.6,,0.1139,5286.0,5.834003571428572,6.245964285714285,-2.746456503352324,-4.140115423102952,0.048116142857142864
2022-07-01,João,Venda,118.8,,0.1217,5341.0,5.181057142857143,5.805783333333333,-11.192081399626952,-7.047445874574243,0.049037
2022-08-01,João,Venda,118.8,,0.1162,5338.0,5.405071739130435,5.148797826086956,4.323723713067507,-11.316052796430752,0.050559608695652174
2022-09-01,João,Venda,119.5,,0.1149,5373.0,5.071798809523809,4.665683333333333,-6.165929809846382,-9.383054240465029,0.050788
2022-10-01,João,Venda,120.0,,0.1093,5392.0,5.05433875,4.2630525,-0.3442577314191286,-8.629621956055022,0.050788
2022-11-01,João,Venda,121.0,,0.1091,5439.0,5.2362275,4.39405,3.598665601904893,3.0728568320469885,0.050788
2022-12-01,João,Venda,121.4,,0.1026,5455.0,5.232951136363637,4.484347727272727,-0.0625710711836591,2.0549999948277,0.05078799999999999
2023-01-01,João,Venda,122.7,,0.1069,5517.0,5.453275,4.650378409090909,4.210317618013626,3.702448871402697,0.05078799999999999
2023-02-01,João,Venda,124.3,,0.1086999999999999,5586.0,5.678552777777778,4.643279166666667,4.131054784102739,-0.1526594569242756,0.050788
2023-03-01,João,Venda,126.0,,0.1134,5662.0,5.503395652173913,4.722534782608696,-3.0845381289633766,1.706888883851554,0.050788
2023-04-01,João,Venda,126.8,,0.1042,5698.0,5.282602777777778,4.31285,-4.01193896188291,-8.67510355069081,0.050788
2023-05-01,João,Venda,127.7,,0.0968,5741.0,4.933446590909091,3.9326511363636367,-6.609548390378228,-8.815490073532894,0.05078799999999999
2023-06-01,João,Venda,127.6,,0.0852999999999999,5737.0,4.266885714285714,3.534380952380952,-13.511058939031695,-10.12726962480962,0.050788
2023-07-01,João,Venda,127.6,,0.0738,5735.0,4.134565476190476,3.753894047619047,-3.101096372284473,6.210793295788308,0.050788
2023-08-01,João,Venda,127.5,,0.0737,5732.0,4.13858152173913,4.114457608695652,0.0971334369181287,9.605054285037596,0.04918926086956521
2023-09-01,João,Venda,129.0,,0.0793,5800.0,4.11075625,4.09599,-0.6723383747056833,-0.4488467363625847,0.0484217
2023-10-01,João,Venda,130.7,,0.0895,5875.0,3.951163095238095,4.222013095238095,-3.882330769719189,3.0767432351664903,0.047279
2023-11-01,João,Venda,132.2,,0.0921,5940.0,3.9136225,4.29697875,-0.9501150505110356,1.7755902947448554,0.0456013
2023-12-01,João,Venda,133.3,,0.0982,5991.0,3.85192625,4.205685,-1.5764486738309769,-2.124603245943446,0.0445373
2024-01-01,João,Venda,134.3,,0.0941,6036.0,3.836232954545455,4.054798863636363,-0.4074142243648881,-3.587670887468664,0.043739
2024-02-01,João,Venda,136.6,,0.0993,6141.0,3.7164802631578944,3.8070263157894737,-3.121621987154566,-6.110600209271189,0.041957
2024-03-01,João,Venda,138.0,,0.0951999999999999,6201.0,3.47545875,3.90178375,-6.485209017445404,2.489014426234037,0.0414203
2024-04-01,João,Venda,140.1,,0.1048,6296.0,3.515184090909091,4.083145454545455,1.1430243822945885,4.648174172785846,0.040168
2024-05-01,João,Venda,141.3,,0.1067,6354.0,3.629939285714285,4.466585714285714,3.264557184984196,9.390805789526912,0.039483809523809525
2024-06-01,João,Venda,143.5,,0.1247,6452.0,3.64047125,4.47748625,0.290141610003336,0.2440462673630516,0.03927
2024-07-01,João,Venda,145.4,,0.1399,6537.0,3.752504347826087,4.288230434782609,3.077433940072627,-4.226831857214341,0.03927
2024-08-01,João,Venda,148.1,,0.1613,6656.0,3.826120454545455,4.1475420454545455,1.9617860472837425,-3.2808029201722544,0.03927
2024-09-01,João,Venda,151.0,,0.17,6786.0,4.022889285714286,4.077870238095239,5.142776697870799,-1.6798336604125108,0.03961209523809524
2024-10-01,João,Venda,152.7,,0.1682999999999999,6864.0,4.065692391304348,4.3593402173913045,1.0639891518282596,6.902377046395181,0.040168
2024-11-01,João,Venda,153.5,,0.1613,6899.0,4.284196052631579,4.577456578947369,5.374328411922269,5.003425992903776,0.04158036842105264
2024-12-01,João,Venda,154.0,,0.1553999999999999,6922.0,4.820945238095239,4.975930952380953,12.528585967347606,8.705148078656745,0.044158333333333334
2025-01-01,João,Venda,156.4,,0.1646999999999999,7030.0,5.259276136363637,4.963214772727273,9.092218986531853,-0.2555537802950258,0.04583336363636364
2025-02-01,João,Venda,159.8,,0.1696,7183.0,5.690838749999999,5.175330000000001,8.205741673316158,4.273746694144576,0.049037
2025-03-01,João,Venda,163.3,,0.1839,7342.0,5.255302631578948,5.0825815789473685,-7.653285175600022,-1.792125739858752,0.05050815789473684
2025-04-01,João,Venda,165.6,,0.1825,7445.0,4.990705,5.09747,-5.034869542792619,0.2929302918481591,0.05253100000000001
2022-01-01,Maceió,Locacao,95.2,,0.0,34.5,5.182683333333333,5.935103571428572,,,0.034749
2022-02-01,Maceió,Locacao,100.0,,0.0,36.2,5.332007894736842,6.120422368421053,2.88122101620798,3.122418922638537,0.03959757894736843
2022-03-01,Maceió,Locacao,105.9,,0.0,38.4,5.784530681818182,6.808053409090909,8.486911422768518,11.235025939022748,0.041953500000000005
2022-04-01,Maceió,Locacao,107.8,,0.0,39.1,5.715367105263158,6.757856578947368,-1.195664442967126,-0.7373154575507912,0.043739
2022-05-01,Maceió,Locacao,107.8,,0.0,39.1,5.998756818181818,6.515722727272728,4.958381634973064,-3.582997787034359,0.04679627272727272
2022-06-01,Maceió,Locacao,106.7,,0.0,38.7,5.834003571428572,6.245964285714285,-2.746456503352324,-4.140115423102952,0.048116142857142864
2022-07-01,Maceió,Locacao,107.6,,0.0,39.0,5.181057142857143,5.805783333333333,-11.192081399626952,-7.047445874574243,0.049037
2022-08-01,Maceió,Locacao,108.0,,0.0,39.1,5.405071739130435,5.148797826086956,4.323723713067507,-11.316052796430752,0.050559608695652174
2022-09-01,Maceió,Locacao,110.2,,0.0,39.9,5.071798809523809,4.665683333333333,-6.165929809846382,-9.383054240465029,0.050788
2022-10-01,Maceió,Locacao,111.8,,0.0,40.5,5.05433875,4.2630525,-0.3442577314191286,-8.629621956055022,0.050788
2022-11-01,Maceió,Locacao,113.7,,0.0,41.2,5.2362275,4.39405,3.598665601904893,3.0728568320469885,0.050788
2022-12-01,Maceió,Locacao,115.6,,0.2446,41.9,5.232951136363637,4.484347727272727,-0.0625710711836591,2.0549999948277,0.05078799999999999
2023-01-01,Maceió,Locacao,118.6,,0.2463,43.0,5.453275,4.650378409090909,4.210317618013626,3.702448871402697,0.05078799999999999
2023-02-01,Maceió,Locacao,122.9,,0.2291,44.5,5.678552777777778,4.643279166666667,4.131054784102739,-0.1526594569242756,0.050788
2023-03-01,Maceió,Locacao,125.0,,0.1808,45.3,5.503395652173913,4.722534782608696,-3.0845381289633766,1.706888883851554,0.050788
2023-04-01,Maceió,Locacao,126.2,,0.17,45.7,5.282602777777778,4.31285,-4.01193896188291,-8.67510355069081,0.050788
2023-05-01,Maceió,Locacao,124.7,,0.1564,45.2,4.933446590909091,3.9326511363636367,-6.609548390378228,-8.815490073532894,0.05078799999999999
2023-06-01,Maceió,Locacao,124.5,,0.1675,45.1,4.266885714285714,3.534380952380952,-13.511058939031695,-10.12726962480962,0.050788
2023-07-01,Maceió,Locacao,123.8,,0.1509,44.9,4.134565476190476,3.753894047619047,-3.101096372284473,6.210793295788308,0.050788
2023-08-01,Maceió,Locacao,123.2,,0.141,44.6,4.13858152173913,4.114457608695652,0.0971334369181287,9.605054285037596,0.04918926086956521
2023-09-01,Maceió,Locacao,124.0,,0.1253999999999999,44.9,4.11075625,4.09599,-0.6723383747056833,-0.4488467363625847,0.0484217
2023-10-01,Maceió,Locacao,125.4,,0.1216,45.5,3.951163095238095,4.222013095238095,-3.882330769719189,3.0767432351664903,0.047279
2023-11-01,Maceió,Locacao,127.6,,0.1217,46.2,3.9136225,4.29697875,-0.9501150505110356,1.7755902947448554,0.0456013
2023-12-01,Maceió,Locacao,130.5,,0.1291,47.3,3.85192625,4.205685,-1.5764486738309769,-2.124603245943446,0.0445373
2024-01-01,Maceió,Locacao,132.9,,0.1204,48.2,3.836232954545455,4.054798863636363,-0.4074142243648881,-3.587670887468664,0.043739
2024-02-01,Maceió,Locacao,135.4,,0.102,49.1,3.7164802631578944,3.8070263157894737,-3.121621987154566,-6.110600209271189,0.041957
2024-03-01,Maceió,Locacao,134.8,,0.0787,48.9,3.47545875,3.90178375,-6.485209017445404,2.489014426234037,0.0414203
2024-04-01,Maceió,Locacao,133.1,,0.0549,48.2,3.515184090909091,4.083145454545455,1.1430243822945885,4.648174172785846,0.040168
2024-05-01,Maceió,Locacao,132.0,,0.0584,47.8,3.629939285714285,4.466585714285714,3.264557184984196,9.390805789526912,0.039483809523809525
2024-06-01,Maceió,Locacao,131.4,,0.0553,47.6,3.64047125,4.47748625,0.290141610003336,0.2440462673630516,0.03927
2024-07-01,Maceió,Locacao,132.1,,0.0667,47.9,3.752504347826087,4.288230434782609,3.077433940072627,-4.226831857214341,0.03927
2024-08-01,Maceió,Locacao,132.3,,0.0741,48.0,3.826120454545455,4.1475420454545455,1.9617860472837425,-3.2808029201722544,0.03927
2024-09-01,Maceió,Locacao,132.2,,0.0657,47.9,4.022889285714286,4.077870238095239,5.142776697870799,-1.6798336604125108,0.03961209523809524
2024-10-01,Maceió,Locacao,131.5,,0.0484999999999999,47.7,4.065692391304348,4.3593402173913045,1.0639891518282596,6.902377046395181,0.040168
2024-11-01,Maceió,Locacao,132.6,,0.0395999999999999,48.1,4.284196052631579,4.577456578947369,5.374328411922269,5.003425992903776,0.04158036842105264
2024-12-01,Maceió,Locacao,134.9,,0.0335,48.9,4.820945238095239,4.975930952380953,12.528585967347606,8.705148078656745,0.044158333333333334
2025-01-01,Maceió,Locacao,137.5,,0.0351,49.8,5.259276136363637,4.963214772727273,9.092218986531853,-0.2555537802950258,0.04583336363636364
2025-02-01,Maceió,Locacao,140.7,,0.0388,51.0,5.690838749999999,5.175330000000001,8.205741673316158,4.273746694144576,0.049037
2025-03-01,Maceió,Locacao,143.8,,0.0664,52.1,5.255302631578948,5.0825815789473685,-7.653285175600022,-1.792125739858752,0.05050815789473684
2025-04-01,Maceió,Locacao,145.5,,0.0935,52.7,4.990705,5.09747,-5.034869542792619,0.2929302918481591,0.05253100000000001
2022-01-01,Maceió,Venda,125.3,,0.1830999999999999,6488.0,5.182683333333333,5.935103571428572,,,0.034749
2022-02-01,Maceió,Venda,126.8,,0.1793,6563.0,5.332007894736842,6.120422368421053,2.88122101620798,3.122418922638537,0.03959757894736843
2022-03-01,Maceió,Venda,127.9,,0.1732999999999999,6620.0,5.784530681818182,6.808053409090909,8.486911422768518,11.235025939022748,0.041953500000000005
2022-04-01,Maceió,Venda,127.7,,0.155,6614.0,5.715367105263158,6.757856578947368,-1.195664442967126,-0.7373154575507912,0.043739
2022-05-01,Maceió,Venda,128.0,,0.1467,6626.0,5.998756818181818,6.515722727272728,4.958381634973064,-3.582997787034359,0.04679627272727272
2022-06-01,Maceió,Venda,128.9,,0.1456,6673.0,5.834003571428572,6.245964285714285,-2.746456503352324,-4.140115423102952,0.048116142857142864
2022-07-01,Maceió,Venda,130.7,,0.153,6767.0,5.181057142857143,5.805783333333333,-11.192081399626952,-7.047445874574243,0.049037
2022-08-01,Maceió,Venda,132.0,,0.1447,6836.0,5.405071739130435,5.148797826086956,4.323723713067507,-11.316052796430752,0.050559608695652174
2022-09-01,Maceió,Venda,133.6,,0.1435,6919.0,5.071798809523809,4.665683333333333,-6.165929809846382,-9.383054240465029,0.050788
2022-10-01,Maceió,Venda,135.4,,0.1402,7009.0,5.05433875,4.2630525,-0.3442577314191286,-8.629621956055022,0.050788
2022-11-01,Maceió,Venda,137.8,,0.1421,7135.0,5.2362275,4.39405,3.598665601904893,3.0728568320469885,0.050788
2022-12-01,Maceió,Venda,139.6,,0.1322,7227.0,5.232951136363637,4.484347727272727,-0.0625710711836591,2.0549999948277,0.05078799999999999
2023-01-01,Maceió,Venda,141.1,,0.1261,7306.0,5.453275,4.650378409090909,4.210317618013626,3.702448871402697,0.05078799999999999
2023-02-01,Maceió,Venda,142.5,,0.1246,7381.0,5.678552777777778,4.643279166666667,4.131054784102739,-0.1526594569242756,0.050788
2023-03-01,Maceió,Venda,144.4,,0.1294,7476.0,5.503395652173913,4.722534782608696,-3.0845381289633766,1.706888883851554,0.050788
2023-04-01,Maceió,Venda,146.7,,0.1482,7594.0,5.282602777777778,4.31285,-4.01193896188291,-8.67510355069081,0.050788
2023-05-01,Maceió,Venda,149.1,,0.165,7720.0,4.933446590909091,3.9326511363636367,-6.609548390378228,-8.815490073532894,0.05078799999999999
2023-06-01,Maceió,Venda,151.5,,0.1753,7843.0,4.266885714285714,3.534380952380952,-13.511058939031695,-10.12726962480962,0.050788
2023-07-01,Maceió,Venda,153.6,,0.1751,7951.0,4.134565476190476,3.753894047619047,-3.101096372284473,6.210793295788308,0.050788
2023-08-01,Maceió,Venda,155.2,,0.1757999999999999,8038.0,4.13858152173913,4.114457608695652,0.0971334369181287,9.605054285037596,0.04918926086956521
2023-09-01,Maceió,Venda,157.2,,0.1762,8138.0,4.11075625,4.09599,-0.6723383747056833,-0.4488467363625847,0.0484217
2023-10-01,Maceió,Venda,159.2,,0.1764,8245.0,3.951163095238095,4.222013095238095,-3.882330769719189,3.0767432351664903,0.047279
2023-11-01,Maceió,Venda,161.1,,0.1692,8342.0,3.9136225,4.29697875,-0.9501150505110356,1.7755902947448554,0.0456013
2023-12-01,Maceió,Venda,161.9,,0.16,8383.0,3.85192625,4.205685,-1.5764486738309769,-2.124603245943446,0.0445373
2024-01-01,Maceió,Venda,162.8,,0.1535,8427.0,3.836232954545455,4.054798863636363,-0.4074142243648881,-3.587670887468664,0.043739
2024-02-01,Maceió,Venda,164.3,,0.1523,8505.0,3.7164802631578944,3.8070263157894737,-3.121621987154566,-6.110600209271189,0.041957
2024-03-01,Maceió,Venda,165.7,,0.1478,8581.0,3.47545875,3.90178375,-6.485209017445404,2.489014426234037,0.0414203
2024-04-01,Maceió,Venda,168.1,,0.1458,8701.0,3.515184090909091,4.083145454545455,1.1430243822945885,4.648174172785846,0.040168
2024-05-01,Maceió,Venda,170.2,,0.1415,8812.0,3.629939285714285,4.466585714285714,3.264557184984196,9.390805789526912,0.039483809523809525
2024-06-01,Maceió,Venda,172.1,,0.1363,8912.0,3.64047125,4.47748625,0.290141610003336,0.2440462673630516,0.03927
2024-07-01,Maceió,Venda,172.0,,0.1202999999999999,8908.0,3.752504347826087,4.288230434782609,3.077433940072627,-4.226831857214341,0.03927
2024-08-01,Maceió,Venda,171.7,,0.1057,8888.0,3.826120454545455,4.1475420454545455,1.9617860472837425,-3.2808029201722544,0.03927
2024-09-01,Maceió,Venda,171.7,,0.0922,8889.0,4.022889285714286,4.077870238095239,5.142776697870799,-1.6798336604125108,0.03961209523809524
2024-10-01,Maceió,Venda,173.5,,0.0896,8983.0,4.065692391304348,4.3593402173913045,1.0639891518282596,6.902377046395181,0.040168
2024-11-01,Maceió,Venda,176.1,,0.093,9118.0,4.284196052631579,4.577456578947369,5.374328411922269,5.003425992903776,0.04158036842105264
2024-12-01,Maceió,Venda,178.9,,0.105,9263.0,4.820945238095239,4.975930952380953,12.528585967347606,8.705148078656745,0.044158333333333334
2025-01-01,Maceió,Venda,180.4,,0.1085,9342.0,5.259276136363637,4.963214772727273,9.092218986531853,-0.2555537802950258,0.04583336363636364
2025-02-01,Maceió,Venda,181.1,,0.1027999999999999,9379.0,5.690838749999999,5.175330000000001,8.205741673316158,4.273746694144576,0.049037
2025-03-01,Maceió,Venda,180.4,,0.0883,9339.0,5.255302631578948,5.0825815789473685,-7.653285175600022,-1.792125739858752,0.05050815789473684
2025-04-01,Maceió,Venda,179.7,,0.0696,9307.0,4.990705,5.09747,-5.034869542792619,0.2929302918481591,0.05253100000000001
2022-01-01,Natal,Locacao,100.0,,0.0,24.3,5.182683333333333,5.935103571428572,,,0.034749
2022-02-01,Natal,Locacao,101.9,,0.0,24.8,5.332007894736842,6.120422368421053,2.88122101620798,3.122418922638537,0.03959757894736843
2022-03-01,Natal,Locacao,103.7,,0.0,25.2,5.784530681818182,6.808053409090909,8.486911422768518,11.235025939022748,0.041953500000000005
2022-04-01,Natal,Locacao,107.6,,0.0,26.1,5.715367105263158,6.757856578947368,-1.195664442967126,-0.7373154575507912,0.043739
2022-05-01,Natal,Locacao,112.7,,0.0,27.4,5.998756818181818,6.515722727272728,4.958381634973064,-3.582997787034359,0.04679627272727272
2022-06-01,Natal,Locacao,116.3,,0.0,28.2,5.834003571428572,6.245964285714285,-2.746456503352324,-4.140115423102952,0.048116142857142864
2022-07-01,Natal,Locacao,119.9,,0.0,29.1,5.181057142857143,5.805783333333333,-11.192081399626952,-7.047445874574243,0.049037
2022-08-01,Natal,Locacao,121.4,,0.0,29.5,5.405071739130435,5.148797826086956,4.323723713067507,-11.316052796430752,0.050559608695652174
2022-09-01,Natal,Locacao,123.6,,0.0,30.0,5.071798809523809,4.665683333333333,-6.165929809846382,-9.383054240465029,0.050788
2022-10-01,Natal,Locacao,123.9,,0.0,30.1,5.05433875,4.2630525,-0.3442577314191286,-8.629621956055022,0.050788
2022-11-01,Natal,Locacao,124.4,,0.0,30.2,5.2362275,4.39405,3.598665601904893,3.0728568320469885,0.050788
2022-12-01,Natal,Locacao,125.5,,0.2663,30.5,5.232951136363637,4.484347727272727,-0.0625710711836591,2.0549999948277,0.05078799999999999
2023-01-01,Natal,Locacao,126.2,,0.262,30.7,5.453275,4.650378409090909,4.210317618013626,3.702448871402697,0.05078799999999999
2023-02-01,Natal,Locacao,127.8,,0.2546,31.1,5.678552777777778,4.643279166666667,4.131054784102739,-0.1526594569242756,0.050788
2023-03-01,Natal,Locacao,127.9,,0.2343,31.1,5.503395652173913,4.722534782608696,-3.0845381289633766,1.706888883851554,0.050788
2023-04-01,Natal,Locacao,129.8,,0.2062,31.5,5.282602777777778,4.31285,-4.01193896188291,-8.67510355069081,0.050788
2023-05-01,Natal,Locacao,130.9,,0.1613,31.8,4.933446590909091,3.9326511363636367,-6.609548390378228,-8.815490073532894,0.05078799999999999
2023-06-01,Natal,Locacao,133.1,,0.1449,32.3,4.266885714285714,3.534380952380952,-13.511058939031695,-10.12726962480962,0.050788
2023-07-01,Natal,Locacao,134.3,,0.1201,32.6,4.134565476190476,3.753894047619047,-3.101096372284473,6.210793295788308,0.050788
2023-08-01,Natal,Locacao,134.8,,0.1101999999999999,32.7,4.13858152173913,4.114457608695652,0.0971334369181287,9.605054285037596,0.04918926086956521
2023-09-01,Natal,Locacao,136.4,,0.1036,33.1,4.11075625,4.09599,-0.6723383747056833,-0.4488467363625847,0.0484217
2023-10-01,Natal,Locacao,137.5,,0.11,33.4,3.951163095238095,4.222013095238095,-3.882330769719189,3.0767432351664903,0.047279
2023-11-01,Natal,Locacao,138.0,,0.1093,33.5,3.9136225,4.29697875,-0.9501150505110356,1.7755902947448554,0.0456013
2023-12-01,Natal,Locacao,136.7,,0.0888,33.2,3.85192625,4.205685,-1.5764486738309769,-2.124603245943446,0.0445373
2024-01-01,Natal,Locacao,135.6,,0.0746,32.9,3.836232954545455,4.054798863636363,-0.4074142243648881,-3.587670887468664,0.043739
2024-02-01,Natal,Locacao,137.2,,0.0731,33.3,3.7164802631578944,3.8070263157894737,-3.121621987154566,-6.110600209271189,0.041957
2024-03-01,Natal,Locacao,140.6,,0.0988,34.2,3.47545875,3.90178375,-6.485209017445404,2.489014426234037,0.0414203
2024-04-01,Natal,Locacao,142.8,,0.1006,34.7,3.515184090909091,4.083145454545455,1.1430243822945885,4.648174172785846,0.040168
2024-05-01,Natal,Locacao,144.4,,0.1038,35.1,3.629939285714285,4.466585714285714,3.264557184984196,9.390805789526912,0.039483809523809525
2024-06-01,Natal,Locacao,144.7,,0.0873,35.2,3.64047125,4.47748625,0.290141610003336,0.2440462673630516,0.03927
2024-07-01,Natal,Locacao,145.9,,0.0856,35.4,3.752504347826087,4.288230434782609,3.077433940072627,-4.226831857214341,0.03927
2024-08-01,Natal,Locacao,146.4,,0.0864,35.6,3.826120454545455,4.1475420454545455,1.9617860472837425,-3.2808029201722544,0.03927
2024-09-01,Natal,Locacao,148.0,,0.0849,36.0,4.022889285714286,4.077870238095239,5.142776697870799,-1.6798336604125108,0.03961209523809524
2024-10-01,Natal,Locacao,150.2,,0.0923,36.5,4.065692391304348,4.3593402173913045,1.0639891518282596,6.902377046395181,0.040168
2024-11-01,Natal,Locacao,151.4,,0.0978,36.8,4.284196052631579,4.577456578947369,5.374328411922269,5.003425992903776,0.04158036842105264
2024-12-01,Natal,Locacao,151.8,,0.1104,36.9,4.820945238095239,4.975930952380953,12.528585967347606,8.705148078656745,0.044158333333333334
2025-01-01,Natal,Locacao,153.1,,0.129,37.2,5.259276136363637,4.963214772727273,9.092218986531853,-0.2555537802950258,0.04583336363636364
2025-02-01,Natal,Locacao,155.5,,0.1336,37.8,5.690838749999999,5.175330000000001,8.205741673316158,4.273746694144576,0.049037
2025-03-01,Natal,Locacao,158.2,,0.1255,38.4,5.255302631578948,5.0825815789473685,-7.653285175600022,-1.792125739858752,0.05050815789473684
2025-04-01,Natal,Locacao,160.8,,0.1257,39.1,4.990705,5.09747,-5.034869542792619,0.2929302918481591,0.05253100000000001
2022-01-01,Natal,Venda,100.0,,0.0,4520.0,5.182683333333333,5.935103571428572,,,0.034749
2022-02-01,Natal,Venda,101.3,,0.0,4578.0,5.332007894736842,6.120422368421053,2.88122101620798,3.122418922638537,0.03959757894736843
2022-03-01,Natal,Venda,102.7,,0.0,4642.0,5.784530681818182,6.808053409090909,8.486911422768518,11.235025939022748,0.041953500000000005
2022-04-01,Natal,Venda,103.6,,0.0,4681.0,5.715367105263158,6.757856578947368,-1.195664442967126,-0.7373154575507912,0.043739
2022-05-01,Natal,Venda,104.0,,0.0,4703.0,5.998756818181818,6.515722727272728,4.958381634973064,-3.582997787034359,0.04679627272727272
2022-06-01,Natal,Venda,104.0,,0.0,4700.0,5.834003571428572,6.245964285714285,-2.746456503352324,-4.140115423102952,0.048116142857142864
2022-07-01,Natal,Venda,103.9,,0.0,4698.0,5.181057142857143,5.805783333333333,-11.192081399626952,-7.047445874574243,0.049037
2022-08-01,Natal,Venda,104.3,,0.0,4715.0,5.405071739130435,5.148797826086956,4.323723713067507,-11.316052796430752,0.050559608695652174
2022-09-01,Natal,Venda,105.0,,0.0,4745.0,5.071798809523809,4.665683333333333,-6.165929809846382,-9.383054240465029,0.050788
2022-10-01,Natal,Venda,105.9,,0.0,4788.0,5.05433875,4.2630525,-0.3442577314191286,-8.629621956055022,0.050788
2022-11-01,Natal,Venda,106.3,,0.0,4806.0,5.2362275,4.39405,3.598665601904893,3.0728568320469885,0.050788
2022-12-01,Natal,Venda,106.9,,0.0828,4832.0,5.232951136363637,4.484347727272727,-0.0625710711836591,2.0549999948277,0.05078799999999999
2023-01-01,Natal,Venda,107.4,,0.0737,4854.0,5.453275,4.650378409090909,4.210317618013626,3.702448871402697,0.05078799999999999
2023-02-01,Natal,Venda,108.9,,0.075,4921.0,5.678552777777778,4.643279166666667,4.131054784102739,-0.1526594569242756,0.050788
2023-03-01,Natal,Venda,109.8,,0.0694,4964.0,5.503395652173913,4.722534782608696,-3.0845381289633766,1.706888883851554,0.050788
2023-04-01,Natal,Venda,111.0,,0.0713999999999999,5016.0,5.282602777777778,4.31285,-4.01193896188291,-8.67510355069081,0.050788
2023-05-01,Natal,Venda,110.4,,0.0611,4991.0,4.933446590909091,3.9326511363636367,-6.609548390378228,-8.815490073532894,0.05078799999999999
2023-06-01,Natal,Venda,110.4,,0.0622,4992.0,4.266885714285714,3.534380952380952,-13.511058939031695,-10.12726962480962,0.050788
2023-07-01,Natal,Venda,109.9,,0.0576999999999999,4969.0,4.134565476190476,3.753894047619047,-3.101096372284473,6.210793295788308,0.050788
2023-08-01,Natal,Venda,110.7,,0.0612,5003.0,4.13858152173913,4.114457608695652,0.0971334369181287,9.605054285037596,0.04918926086956521
2023-09-01,Natal,Venda,111.6,,0.0633,5045.0,4.11075625,4.09599,-0.6723383747056833,-0.4488467363625847,0.0484217
2023-10-01,Natal,Venda,113.3,,0.0695,5120.0,3.951163095238095,4.222013095238095,-3.882330769719189,3.0767432351664903,0.047279
2023-11-01,Natal,Venda,114.2,,0.0738,5161.0,3.9136225,4.29697875,-0.9501150505110356,1.7755902947448554,0.0456013
2023-12-01,Natal,Venda,114.7,,0.0728,5184.0,3.85192625,4.205685,-1.5764486738309769,-2.124603245943446,0.0445373
2024-01-01,Natal,Venda,115.7,,0.0771,5228.0,3.836232954545455,4.054798863636363,-0.4074142243648881,-3.587670887468664,0.043739
2024-02-01,Natal,Venda,116.8,,0.0729,5280.0,3.7164802631578944,3.8070263157894737,-3.121621987154566,-6.110600209271189,0.041957
2024-03-01,Natal,Venda,118.1,,0.0751,5337.0,3.47545875,3.90178375,-6.485209017445404,2.489014426234037,0.0414203
2024-04-01,Natal,Venda,119.1,,0.0731,5382.0,3.515184090909091,4.083145454545455,1.1430243822945885,4.648174172785846,0.040168
2024-05-01,Natal,Venda,120.3,,0.0895,5437.0,3.629939285714285,4.466585714285714,3.264557184984196,9.390805789526912,0.039483809523809525
2024-06-01,Natal,Venda,121.2,,0.0978,5480.0,3.64047125,4.47748625,0.290141610003336,0.2440462673630516,0.03927
2024-07-01,Natal,Venda,122.5,,0.1144999999999999,5539.0,3.752504347826087,4.288230434782609,3.077433940072627,-4.226831857214341,0.03927
2024-08-01,Natal,Venda,123.6,,0.1166,5587.0,3.826120454545455,4.1475420454545455,1.9617860472837425,-3.2808029201722544,0.03927
2024-09-01,Natal,Venda,124.5,,0.1153999999999999,5628.0,4.022889285714286,4.077870238095239,5.142776697870799,-1.6798336604125108,0.03961209523809524
2024-10-01,Natal,Venda,124.4,,0.0983,5624.0,4.065692391304348,4.3593402173913045,1.0639891518282596,6.902377046395181,0.040168
2024-11-01,Natal,Venda,124.6,,0.0914,5632.0,4.284196052631579,4.577456578947369,5.374328411922269,5.003425992903776,0.04158036842105264
2024-12-01,Natal,Venda,124.4,,0.0851,5625.0,4.820945238095239,4.975930952380953,12.528585967347606,8.705148078656745,0.044158333333333334
2025-01-01,Natal,Venda,125.1,,0.0818,5655.0,5.259276136363637,4.963214772727273,9.092218986531853,-0.2555537802950258,0.04583336363636364
2025-02-01,Natal,Venda,125.9,,0.0776999999999999,5690.0,5.690838749999999,5.175330000000001,8.205741673316158,4.273746694144576,0.049037
2025-03-01,Natal,Venda,127.8,,0.0821,5775.0,5.255302631578948,5.0825815789473685,-7.653285175600022,-1.792125739858752,0.05050815789473684
2025-04-01,Natal,Venda,128.5,,0.0791999999999999,5808.0,4.990705,5.09747,-5.034869542792619,0.2929302918481591,0.05253100000000001
2020-01-01,Recife,Locacao,120.3,0.0103,0.0768,31.4,,,,,
2020-02-01,Recife,Locacao,120.7,0.0036,0.0665,31.5,,,,,
2020-03-01,Recife,Locacao,121.7,0.0084,0.0721,31.8,,,,,
2020-04-01,Recife,Locacao,122.6,0.0069999999999999,0.0758,32.0,,,,,
2020-05-01,Recife,Locacao,122.6,0.0003,0.0733999999999999,32.0,,,,,
2020-06-01,Recife,Locacao,121.9,-0.0059,0.0717,31.8,,,,,
2020-07-01,Recife,Locacao,121.4,-0.0040999999999999,0.0725,31.7,,,,,
2020-08-01,Recife,Locacao,121.6,0.0014,0.0864,31.7,,,,,
2020-09-01,Recife,Locacao,121.9,0.003,0.095,31.8,,,,,
2020-10-01,Recife,Locacao,122.6,0.0056,0.0928,32.0,,,,,
2020-11-01,Recife,Locacao,123.6,0.0077,0.0699,32.2,,,,,
2020-12-01,Recife,Locacao,125.0,0.0116999999999999,0.05,32.6,,,,,
2021-01-01,Recife,Locacao,126.1,0.0088,0.0484,32.9,,,,,
2021-02-01,Recife,Locacao,127.6,0.0116,0.0567999999999999,33.3,,,,,
2021-03-01,Recife,Locacao,128.3,0.0055,0.0538,33.5,,,,,
2021-04-01,Recife,Locacao,128.8,0.0039,0.0504999999999999,33.6,,,,,
2021-05-01,Recife,Locacao,129.0,0.0018,0.052,33.7,,,,,
2021-06-01,Recife,Locacao,129.4,0.0028,0.0612,33.8,,,,,
2021-07-01,Recife,Locacao,131.0,0.0127,0.0791,34.2,,,,,
2021-08-01,Recife,Locacao,133.4,0.0181,0.0972,34.8,,,,,
2021-09-01,Recife,Locacao,135.4,0.0151,0.1103,35.3,,,,,
2021-10-01,Recife,Locacao,136.9,0.0113999999999999,0.1168,35.7,,,,,
2021-11-01,Recife,Locacao,137.5,0.0043,0.113,35.9,,,,,
2021-12-01,Recife,Locacao,139.0,0.0107,0.1119,36.3,,,,,
2022-01-01,Recife,Locacao,140.8,0.013,0.1166,36.7,5.182683333333333,5.935103571428572,,,0.034749
2022-02-01,Recife,Locacao,143.6,0.0196,0.1253999999999999,37.5,5.332007894736842,6.120422368421053,2.88122101620798,3.122418922638537,0.03959757894736843
2022-03-01,Recife,Locacao,145.4,0.0126,0.1333,37.9,5.784530681818182,6.808053409090909,8.486911422768518,11.235025939022748,0.041953500000000005
2022-04-01,Recife,Locacao,148.8,0.0235,0.1553999999999999,38.8,5.715367105263158,6.757856578947368,-1.195664442967126,-0.7373154575507912,0.043739
2022-05-01,Recife,Locacao,151.6,0.0189,0.1751,39.6,5.998756818181818,6.515722727272728,4.958381634973064,-3.582997787034359,0.04679627272727272
2022-06-01,Recife,Locacao,154.8,0.0209,0.1964,40.4,5.834003571428572,6.245964285714285,-2.746456503352324,-4.140115423102952,0.048116142857142864
2022-07-01,Recife,Locacao,156.2,0.0093999999999999,0.1924,40.8,5.181057142857143,5.805783333333333,-11.192081399626952,-7.047445874574243,0.049037
2022-08-01,Recife,Locacao,157.7,0.0097,0.1826,41.2,5.405071739130435,5.148797826086956,4.323723713067507,-11.316052796430752,0.050559608695652174
2022-09-01,Recife,Locacao,159.5,0.0113999999999999,0.1783,41.6,5.071798809523809,4.665683333333333,-6.165929809846382,-9.383054240465029,0.050788
2022-10-01,Recife,Locacao,160.5,0.0063,0.1723,41.9,5.05433875,4.2630525,-0.3442577314191286,-8.629621956055022,0.050788
2022-11-01,Recife,Locacao,161.6,0.0066,0.175,42.2,5.2362275,4.39405,3.598665601904893,3.0728568320469885,0.050788
2022-12-01,Recife,Locacao,162.7,0.0069999999999999,0.1707,42.5,5.232951136363637,4.484347727272727,-0.0625710711836591,2.0549999948277,0.05078799999999999
2023-01-01,Recife,Locacao,164.1,0.0086,0.1655,42.8,5.453275,4.650378409090909,4.210317618013626,3.702448871402697,0.05078799999999999
2023-02-01,Recife,Locacao,166.7,0.0157,0.1611,43.5,5.678552777777778,4.643279166666667,4.131054784102739,-0.1526594569242756,0.050788
2023-03-01,Recife,Locacao,167.0,0.0018,0.1487,43.6,5.503395652173913,4.722534782608696,-3.0845381289633766,1.706888883851554,0.050788
2023-04-01,Recife,Locacao,167.9,0.0055,0.1286,43.8,5.282602777777778,4.31285,-4.01193896188291,-8.67510355069081,0.050788
2023-05-01,Recife,Locacao,168.2,0.0016,0.1094,43.9,4.933446590909091,3.9326511363636367,-6.609548390378228,-8.815490073532894,0.05078799999999999
2023-06-01,Recife,Locacao,169.3,0.0067,0.094,44.2,4.266885714285714,3.534380952380952,-13.511058939031695,-10.12726962480962,0.050788
2023-07-01,Recife,Locacao,170.4,0.0066,0.091,44.5,4.134565476190476,3.753894047619047,-3.101096372284473,6.210793295788308,0.050788
2023-08-01,Recife,Locacao,173.5,0.0176,0.0996,45.3,4.13858152173913,4.114457608695652,0.0971334369181287,9.605054285037596,0.04918926086956521
2023-09-01,Recife,Locacao,177.3,0.0224,0.1116,46.3,4.11075625,4.09599,-0.6723383747056833,-0.4488467363625847,0.0484217
2023-10-01,Recife,Locacao,180.2,0.0159,0.1222,47.0,3.951163095238095,4.222013095238095,-3.882330769719189,3.0767432351664903,0.047279
2023-11-01,Recife,Locacao,181.2,0.006,0.1216,47.3,3.9136225,4.29697875,-0.9501150505110356,1.7755902947448554,0.0456013
2023-12-01,Recife,Locacao,182.9,0.0092,0.124,47.7,3.85192625,4.205685,-1.5764486738309769,-2.124603245943446,0.0445373
2024-01-01,Recife,Locacao,185.8,0.0157,0.132,48.5,3.836232954545455,4.054798863636363,-0.4074142243648881,-3.587670887468664,0.043739
2024-02-01,Recife,Locacao,189.1,0.0177,0.1341999999999999,49.3,3.7164802631578944,3.8070263157894737,-3.121621987154566,-6.110600209271189,0.041957
2024-03-01,Recife,Locacao,191.0,0.0102,0.1437,49.8,3.47545875,3.90178375,-6.485209017445404,2.489014426234037,0.0414203
2024-04-01,Recife,Locacao,194.0,0.0158,0.1553999999999999,50.6,3.515184090909091,4.083145454545455,1.1430243822945885,4.648174172785846,0.040168
2024-05-01,Recife,Locacao,195.7,0.0086,0.1635,51.1,3.629939285714285,4.466585714285714,3.264557184984196,9.390805789526912,0.039483809523809525
2024-06-01,Recife,Locacao,198.9,0.0162,0.1744,51.9,3.64047125,4.47748625,0.290141610003336,0.2440462673630516,0.03927
2024-07-01,Recife,Locacao,201.6,0.0139,0.1828999999999999,52.6,3.752504347826087,4.288230434782609,3.077433940072627,-4.226831857214341,0.03927
2024-08-01,Recife,Locacao,203.9,0.0116,0.1757999999999999,53.2,3.826120454545455,4.1475420454545455,1.9617860472837425,-3.2808029201722544,0.03927
2024-09-01,Recife,Locacao,205.5,0.0075,0.1586999999999999,53.6,4.022889285714286,4.077870238095239,5.142776697870799,-1.6798336604125108,0.03961209523809524
2024-10-01,Recife,Locacao,206.5,0.0049,0.1461,53.9,4.065692391304348,4.3593402173913045,1.0639891518282596,6.902377046395181,0.040168
2024-11-01,Recife,Locacao,209.0,0.0123,0.1532,54.5,4.284196052631579,4.577456578947369,5.374328411922269,5.003425992903776,0.04158036842105264
2024-12-01,Recife,Locacao,212.5,0.0166,0.1617,55.4,4.820945238095239,4.975930952380953,12.528585967347606,8.705148078656745,0.044158333333333334
2025-01-01,Recife,Locacao,214.9,0.0112,0.1564,56.1,5.259276136363637,4.963214772727273,9.092218986531853,-0.2555537802950258,0.04583336363636364
2025-02-01,Recife,Locacao,217.2,0.0107,0.1485999999999999,56.7,5.690838749999999,5.175330000000001,8.205741673316158,4.273746694144576,0.049037
2025-03-01,Recife,Locacao,219.1,0.0087,0.1469,57.2,5.255302631578948,5.0825815789473685,-7.653285175600022,-1.792125739858752,0.05050815789473684
2025-04-01,Recife,Locacao,221.3,0.0102,0.1405,57.7,4.990705,5.09747,-5.034869542792619,0.2929302918481591,0.05253100000000001
2020-01-01,Recife,Venda,195.5,0.0,-0.0123,6228.0,,,,,
2020-02-01,Recife,Venda,194.9,-0.0032,-0.0143,6208.0,,,,,
2020-03-01,Recife,Venda,193.8,-0.0055,-0.0155,6174.0,,,,,
2020-04-01,Recife,Venda,193.4,-0.0021,-0.0161,6161.0,,,,,
2020-05-01,Recife,Venda,190.6,-0.0147,-0.0263,6070.0,,,,,
2020-06-01,Recife,Venda,187.9,-0.0138,-0.0401999999999999,5986.0,,,,,
2020-07-01,Recife,Venda,184.7,-0.0172,-0.0554,5883.0,,,,,
2020-08-01,Recife,Venda,185.9,0.0067,-0.0482,5923.0,,,,,
2020-09-01,Recife,Venda,188.2,12.0,-0.0349,5994.0,,,,,
2020-10-01,Recife,Venda,191.3,0.0168,-0.0165,6094.0,,,,,
2020-11-01,Recife,Venda,193.7,0.0121999999999999,-0.0056,6168.0,,,,,
2020-12-01,Recife,Venda,194.8,0.0059,-0.0038,6204.0,,,,,
2021-01-01,Recife,Venda,195.0,1.0,-0.0028,6210.0,,,,,
2021-02-01,Recife,Venda,194.9,-0.0006,-0.0002,6206.0,,,,,
2021-03-01,Recife,Venda,194.9,0.0001,0.0053,6207.0,,,,,
2021-04-01,Recife,Venda,195.4,0.0029,0.0104,6225.0,,,,,
2021-05-01,Recife,Venda,196.5,0.0056,0.0312,6259.0,,,,,
2021-06-01,Recife,Venda,197.6,0.0054,0.0513,6293.0,,,,,
2021-07-01,Recife,Venda,198.7,0.0059,76.0,6330.0,,,,,
2021-08-01,Recife,Venda,199.5,0.0038,0.0728,6354.0,,,,,
2021-09-01,Recife,Venda,200.1,0.0033,0.0636,6375.0,,,,,
2021-10-01,Recife,Venda,200.9,0.0039,0.0501,6400.0,,,,,
2021-11-01,Recife,Venda,202.1,6.0,0.0437,6438.0,,,,,
2021-12-01,Recife,Venda,203.0,0.0042,42.0,6465.0,,,,,
2022-01-01,Recife,Venda,203.6,3.0,0.0441,6484.0,5.182683333333333,5.935103571428572,,,0.034749
2022-02-01,Recife,Venda,204.3,0.0033,0.0482,6506.0,5.332007894736842,6.120422368421053,2.88122101620798,3.122418922638537,0.03959757894736843
2022-03-01,Recife,Venda,205.1,4.0,0.0523,6532.0,5.784530681818182,6.808053409090909,8.486911422768518,11.235025939022748,0.041953500000000005
2022-04-01,Recife,Venda,207.6,0.0125,0.0625,6614.0,5.715367105263158,6.757856578947368,-1.195664442967126,-0.7373154575507912,0.043739
2022-05-01,Recife,Venda,210.3,0.0126,0.0699,6697.0,5.998756818181818,6.515722727272728,4.958381634973064,-3.582997787034359,0.04679627272727272
2022-06-01,Recife,Venda,213.1,0.0137,0.0787,6789.0,5.834003571428572,6.245964285714285,-2.746456503352324,-4.140115423102952,0.048116142857142864
2022-07-01,Recife,Venda,214.2,5.0,0.0778,6823.0,5.181057142857143,5.805783333333333,-11.192081399626952,-7.047445874574243,0.049037
2022-08-01,Recife,Venda,215.1,4.0,78.0,6850.0,5.405071739130435,5.148797826086956,4.323723713067507,-11.316052796430752,0.050559608695652174
2022-09-01,Recife,Venda,216.8,0.0081999999999999,0.0834,6906.0,5.071798809523809,4.665683333333333,-6.165929809846382,-9.383054240465029,0.050788
2022-10-01,Recife,Venda,219.7,0.0132,0.0934,6997.0,5.05433875,4.2630525,-0.3442577314191286,-8.629621956055022,0.050788
2022-11-01,Recife,Venda,223.5,0.0175,106.0,7120.0,5.2362275,4.39405,3.598665601904893,3.0728568320469885,0.050788
2022-12-01,Recife,Venda,226.0,0.0111,0.1134999999999999,7199.0,5.232951136363637,4.484347727272727,-0.0625710711836591,2.0549999948277,0.05078799999999999
2023-01-01,Recife,Venda,227.2,0.0051,0.1158,7236.0,5.453275,4.650378409090909,4.210317618013626,3.702448871402697,0.05078799999999999
2023-02-01,Recife,Venda,227.1,-0.0002,0.1119,7234.0,5.678552777777778,4.643279166666667,4.131054784102739,-0.1526594569242756,0.050788
2023-03-01,Recife,Venda,228.4,0.0059,114.0,7276.0,5.503395652173913,4.722534782608696,-3.0845381289633766,1.706888883851554,0.050788
2023-04-01,Recife,Venda,230.4,0.0085,0.1096,7338.0,5.282602777777778,4.31285,-4.01193896188291,-8.67510355069081,0.050788
2023-05-01,Recife,Venda,232.5,0.0093,106.0,7407.0,4.933446590909091,3.9326511363636367,-6.609548390378228,-8.815490073532894,0.05078799999999999
2023-06-01,Recife,Venda,234.0,0.0064,0.0981,7454.0,4.266885714285714,3.534380952380952,-13.511058939031695,-10.12726962480962,0.050788
2023-07-01,Recife,Venda,234.7,0.0028,0.0957,7476.0,4.134565476190476,3.753894047619047,-3.101096372284473,6.210793295788308,0.050788
2023-08-01,Recife,Venda,235.1,0.0016,0.0931,7488.0,4.13858152173913,4.114457608695652,0.0971334369181287,9.605054285037596,0.04918926086956521
2023-09-01,Recife,Venda,234.5,-0.0024,0.0815,7469.0,4.11075625,4.09599,-0.6723383747056833,-0.4488467363625847,0.0484217
2023-10-01,Recife,Venda,234.9,0.0016,0.0691,7481.0,3.951163095238095,4.222013095238095,-3.882330769719189,3.0767432351664903,0.047279
2023-11-01,Recife,Venda,235.8,0.0039,0.0548,7510.0,3.9136225,4.29697875,-0.9501150505110356,1.7755902947448554,0.0456013
2023-12-01,Recife,Venda,237.8,0.0084,0.0521,7573.0,3.85192625,4.205685,-1.5764486738309769,-2.124603245943446,0.0445373
2024-01-01,Recife,Venda,239.1,0.0054,0.0524,7615.0,3.836232954545455,4.054798863636363,-0.4074142243648881,-3.587670887468664,0.043739
2024-02-01,Recife,Venda,241.5,0.0104,0.0636,7694.0,3.7164802631578944,3.8070263157894737,-3.121621987154566,-6.110600209271189,0.041957
2024-03-01,Recife,Venda,244.7,0.0131,0.0712,7794.0,3.47545875,3.90178375,-6.485209017445404,2.489014426234037,0.0414203
2024-04-01,Recife,Venda,247.7,0.0124,0.0751999999999999,7891.0,3.515184090909091,4.083145454545455,1.1430243822945885,4.648174172785846,0.040168
2024-05-01,Recife,Venda,249.2,6.0,0.0717,7938.0,3.629939285714285,4.466585714285714,3.264557184984196,9.390805789526912,0.039483809523809525
2024-06-01,Recife,Venda,249.1,-0.0003,0.0645,7935.0,3.64047125,4.47748625,0.290141610003336,0.2440462673630516,0.03927
2024-07-01,Recife,Venda,250.0,0.0036,0.0654,7964.0,3.752504347826087,4.288230434782609,3.077433940072627,-4.226831857214341,0.03927
2024-08-01,Recife,Venda,250.7,0.0025,0.0663,7984.0,3.826120454545455,4.1475420454545455,1.9617860472837425,-3.2808029201722544,0.03927
2024-09-01,Recife,Venda,252.1,0.0056,0.0749,8029.0,4.022889285714286,4.077870238095239,5.142776697870799,-1.6798336604125108,0.03961209523809524
2024-10-01,Recife,Venda,253.1,4.0,0.0775,8061.0,4.065692391304348,4.3593402173913045,1.0639891518282596,6.902377046395181,0.040168
2024-11-01,Recife,Venda,253.3,1.0,0.0744,8069.0,4.284196052631579,4.577456578947369,5.374328411922269,5.003425992903776,0.04158036842105264
2024-12-01,Recife,Venda,253.6,0.0009,0.0664,8076.0,4.820945238095239,4.975930952380953,12.528585967347606,8.705148078656745,0.044158333333333334
2025-01-01,Recife,Venda,253.1,-0.0018,0.0587,8062.0,5.259276136363637,4.963214772727273,9.092218986531853,-0.2555537802950258,0.04583336363636364
2025-02-01,Recife,Venda,253.7,0.0025,0.0504999999999999,8082.0,5.690838749999999,5.175330000000001,8.205741673316158,4.273746694144576,0.049037
2025-03-01,Recife,Venda,254.1,0.0016,0.0385999999999999,8095.0,5.255302631578948,5.0825815789473685,-7.653285175600022,-1.792125739858752,0.05050815789473684
2025-04-01,Recife,Venda,254.7,0.0021,0.0281,8112.0,4.990705,5.09747,-5.034869542792619,0.2929302918481591,0.05253100000000001
2022-01-01,Salvador,Locacao,111.7,,0.0513,26.7,5.182683333333333,5.935103571428572,,,0.034749
2022-02-01,Salvador,Locacao,114.5,,0.063,27.4,5.332007894736842,6.120422368421053,2.88122101620798,3.122418922638537,0.03959757894736843
2022-03-01,Salvador,Locacao,117.8,,0.0896,28.2,5.784530681818182,6.808053409090909,8.486911422768518,11.235025939022748,0.041953500000000005
2022-04-01,Salvador,Locacao,122.0,,0.1285,29.2,5.715367105263158,6.757856578947368,-1.195664442967126,-0.7373154575507912,0.043739
2022-05-01,Salvador,Locacao,124.9,,0.1573,29.9,5.998756818181818,6.515722727272728,4.958381634973064,-3.582997787034359,0.04679627272727272
2022-06-01,Salvador,Locacao,126.8,,0.1724,30.3,5.834003571428572,6.245964285714285,-2.746456503352324,-4.140115423102952,0.048116142857142864
2022-07-01,Salvador,Locacao,127.4,,0.1704,30.5,5.181057142857143,5.805783333333333,-11.192081399626952,-7.047445874574243,0.049037
2022-08-01,Salvador,Locacao,127.0,,0.1621,30.4,5.405071739130435,5.148797826086956,4.323723713067507,-11.316052796430752,0.050559608695652174
2022-09-01,Salvador,Locacao,127.3,,0.161,30.4,5.071798809523809,4.665683333333333,-6.165929809846382,-9.383054240465029,0.050788
2022-10-01,Salvador,Locacao,127.1,,0.1602,30.4,5.05433875,4.2630525,-0.3442577314191286,-8.629621956055022,0.050788
2022-11-01,Salvador,Locacao,128.1,,0.1696,30.6,5.2362275,4.39405,3.598665601904893,3.0728568320469885,0.050788
2022-12-01,Salvador,Locacao,128.2,,0.1656,30.7,5.232951136363637,4.484347727272727,-0.0625710711836591,2.0549999948277,0.05078799999999999
2023-01-01,Salvador,Locacao,129.1,,0.1551,30.9,5.453275,4.650378409090909,4.210317618013626,3.702448871402697,0.05078799999999999
2023-02-01,Salvador,Locacao,131.6,,0.1496,31.5,5.678552777777778,4.643279166666667,4.131054784102739,-0.1526594569242756,0.050788
2023-03-01,Salvador,Locacao,134.5,,0.1412,32.2,5.503395652173913,4.722534782608696,-3.0845381289633766,1.706888883851554,0.050788
2023-04-01,Salvador,Locacao,136.8,,0.1219,32.7,5.282602777777778,4.31285,-4.01193896188291,-8.67510355069081,0.050788
2023-05-01,Salvador,Locacao,137.0,,0.0968,32.8,4.933446590909091,3.9326511363636367,-6.609548390378228,-8.815490073532894,0.05078799999999999
2023-06-01,Salvador,Locacao,136.7,,0.0783,32.7,4.266885714285714,3.534380952380952,-13.511058939031695,-10.12726962480962,0.050788
2023-07-01,Salvador,Locacao,137.5,,0.0791999999999999,32.9,4.134565476190476,3.753894047619047,-3.101096372284473,6.210793295788308,0.050788
2023-08-01,Salvador,Locacao,138.8,,0.0926999999999999,33.2,4.13858152173913,4.114457608695652,0.0971334369181287,9.605054285037596,0.04918926086956521
2023-09-01,Salvador,Locacao,139.7,,0.0978,33.4,4.11075625,4.09599,-0.6723383747056833,-0.4488467363625847,0.0484217
2023-10-01,Salvador,Locacao,140.0,,0.1014,33.5,3.951163095238095,4.222013095238095,-3.882330769719189,3.0767432351664903,0.047279
2023-11-01,Salvador,Locacao,141.2,,0.1023,33.8,3.9136225,4.29697875,-0.9501150505110356,1.7755902947448554,0.0456013
2023-12-01,Salvador,Locacao,144.0,,0.1231,34.4,3.85192625,4.205685,-1.5764486738309769,-2.124603245943446,0.0445373
2024-01-01,Salvador,Locacao,147.4,,0.1417,35.2,3.836232954545455,4.054798863636363,-0.4074142243648881,-3.587670887468664,0.043739
2024-02-01,Salvador,Locacao,150.1,,0.1407,35.9,3.7164802631578944,3.8070263157894737,-3.121621987154566,-6.110600209271189,0.041957
2024-03-01,Salvador,Locacao,153.3,,0.1405,36.7,3.47545875,3.90178375,-6.485209017445404,2.489014426234037,0.0414203
2024-04-01,Salvador,Locacao,156.4,,0.1435,37.4,3.515184090909091,4.083145454545455,1.1430243822945885,4.648174172785846,0.040168
2024-05-01,Salvador,Locacao,161.1,,0.1754,38.5,3.629939285714285,4.466585714285714,3.264557184984196,9.390805789526912,0.039483809523809525
2024-06-01,Salvador,Locacao,163.5,,0.1957999999999999,39.1,3.64047125,4.47748625,0.290141610003336,0.2440462673630516,0.03927
2024-07-01,Salvador,Locacao,167.5,,0.218,40.0,3.752504347826087,4.288230434782609,3.077433940072627,-4.226831857214341,0.03927
2024-08-01,Salvador,Locacao,171.2,,0.2335,40.9,3.826120454545455,4.1475420454545455,1.9617860472837425,-3.2808029201722544,0.03927
2024-09-01,Salvador,Locacao,177.5,,0.2704,42.4,4.022889285714286,4.077870238095239,5.142776697870799,-1.6798336604125108,0.03961209523809524
2024-10-01,Salvador,Locacao,182.1,,0.3011,43.6,4.065692391304348,4.3593402173913045,1.0639891518282596,6.902377046395181,0.040168
2024-11-01,Salvador,Locacao,186.7,,0.3224,44.7,4.284196052631579,4.577456578947369,5.374328411922269,5.003425992903776,0.04158036842105264
2024-12-01,Salvador,Locacao,191.7,,0.3307,45.8,4.820945238095239,4.975930952380953,12.528585967347606,8.705148078656745,0.044158333333333334
2025-01-01,Salvador,Locacao,196.5,,0.3337,47.0,5.259276136363637,4.963214772727273,9.092218986531853,-0.2555537802950258,0.04583336363636364
2025-02-01,Salvador,Locacao,202.1,,0.3461,48.3,5.690838749999999,5.175330000000001,8.205741673316158,4.273746694144576,0.049037
2025-03-01,Salvador,Locacao,204.1,,0.3308,48.8,5.255302631578948,5.0825815789473685,-7.653285175600022,-1.792125739858752,0.05050815789473684
2025-04-01,Salvador,Locacao,204.1,,0.3046,48.8,4.990705,5.09747,-5.034869542792619,0.2929302918481591,0.05253100000000001
2022-01-01,Salvador,Venda,159.6,,0.0200999999999999,5282.0,5.182683333333333,5.935103571428572,,,0.034749
2022-02-01,Salvador,Venda,161.0,,0.0327,5329.0,5.332007894736842,6.120422368421053,2.88122101620798,3.122418922638537,0.03959757894736843
2022-03-01,Salvador,Venda,162.3,,0.04,5373.0,5.784530681818182,6.808053409090909,8.486911422768518,11.235025939022748,0.041953500000000005
2022-04-01,Salvador,Venda,163.2,,0.0391,5403.0,5.715367105263158,6.757856578947368,-1.195664442967126,-0.7373154575507912,0.043739
2022-05-01,Salvador,Venda,164.0,,0.0352,5429.0,5.998756818181818,6.515722727272728,4.958381634973064,-3.582997787034359,0.04679627272727272
2022-06-01,Salvador,Venda,165.3,,0.039,5471.0,5.834003571428572,6.245964285714285,-2.746456503352324,-4.140115423102952,0.048116142857142864
2022-07-01,Salvador,Venda,167.2,,0.0521999999999999,5535.0,5.181057142857143,5.805783333333333,-11.192081399626952,-7.047445874574243,0.049037
2022-08-01,Salvador,Venda,168.6,,0.0629,5581.0,5.405071739130435,5.148797826086956,4.323723713067507,-11.316052796430752,0.050559608695652174
2022-09-01,Salvador,Venda,169.4,,0.0678,5606.0,5.071798809523809,4.665683333333333,-6.165929809846382,-9.383054240465029,0.050788
2022-10-01,Salvador,Venda,169.2,,0.0664,5601.0,5.05433875,4.2630525,-0.3442577314191286,-8.629621956055022,0.050788
2022-11-01,Salvador,Venda,169.1,,0.067,5597.0,5.2362275,4.39405,3.598665601904893,3.0728568320469885,0.050788
2022-12-01,Salvador,Venda,168.3,,0.0598,5571.0,5.232951136363637,4.484347727272727,-0.0625710711836591,2.0549999948277,0.05078799999999999
2023-01-01,Salvador,Venda,169.1,,0.0596,5597.0,5.453275,4.650378409090909,4.210317618013626,3.702448871402697,0.05078799999999999
2023-02-01,Salvador,Venda,170.7,,0.0602,5650.0,5.678552777777778,4.643279166666667,4.131054784102739,-0.1526594569242756,0.050788
2023-03-01,Salvador,Venda,172.7,,0.0641,5718.0,5.503395652173913,4.722534782608696,-3.0845381289633766,1.706888883851554,0.050788
2023-04-01,Salvador,Venda,174.2,,0.0673,5766.0,5.282602777777778,4.31285,-4.01193896188291,-8.67510355069081,0.050788
2023-05-01,Salvador,Venda,174.8,,0.0657,5785.0,4.933446590909091,3.9326511363636367,-6.609548390378228,-8.815490073532894,0.05078799999999999
2023-06-01,Salvador,Venda,175.9,,0.0644,5824.0,4.266885714285714,3.534380952380952,-13.511058939031695,-10.12726962480962,0.050788
2023-07-01,Salvador,Venda,177.3,,0.06,5868.0,4.134565476190476,3.753894047619047,-3.101096372284473,6.210793295788308,0.050788
2023-08-01,Salvador,Venda,178.3,,0.0578,5903.0,4.13858152173913,4.114457608695652,0.0971334369181287,9.605054285037596,0.04918926086956521
2023-09-01,Salvador,Venda,179.0,,0.0567,5924.0,4.11075625,4.09599,-0.6723383747056833,-0.4488467363625847,0.0484217
2023-10-01,Salvador,Venda,179.0,,0.0576999999999999,5924.0,3.951163095238095,4.222013095238095,-3.882330769719189,3.0767432351664903,0.047279
2023-11-01,Salvador,Venda,178.6,,0.0562,5912.0,3.9136225,4.29697875,-0.9501150505110356,1.7755902947448554,0.0456013
2023-12-01,Salvador,Venda,178.0,,0.0576999999999999,5892.0,3.85192625,4.205685,-1.5764486738309769,-2.124603245943446,0.0445373
2024-01-01,Salvador,Venda,178.4,,0.0554,5906.0,3.836232954545455,4.054798863636363,-0.4074142243648881,-3.587670887468664,0.043739
2024-02-01,Salvador,Venda,180.5,,0.0575,5974.0,3.7164802631578944,3.8070263157894737,-3.121621987154566,-6.110600209271189,0.041957
2024-03-01,Salvador,Venda,182.7,,0.0579999999999999,6049.0,3.47545875,3.90178375,-6.485209017445404,2.489014426234037,0.0414203
2024-04-01,Salvador,Venda,184.0,,0.0565,6092.0,3.515184090909091,4.083145454545455,1.1430243822945885,4.648174172785846,0.040168
2024-05-01,Salvador,Venda,186.2,,0.0654,6164.0,3.629939285714285,4.466585714285714,3.264557184984196,9.390805789526912,0.039483809523809525
2024-06-01,Salvador,Venda,189.1,,0.0747,6259.0,3.64047125,4.47748625,0.290141610003336,0.2440462673630516,0.03927
2024-07-01,Salvador,Venda,193.7,,0.0926,6411.0,3.752504347826087,4.288230434782609,3.077433940072627,-4.226831857214341,0.03927
2024-08-01,Salvador,Venda,197.7,,0.1085,6544.0,3.826120454545455,4.1475420454545455,1.9617860472837425,-3.2808029201722544,0.03927
2024-09-01,Salvador,Venda,201.0,,0.123,6653.0,4.022889285714286,4.077870238095239,5.142776697870799,-1.6798336604125108,0.03961209523809524
2024-10-01,Salvador,Venda,203.2,,0.1357,6728.0,4.065692391304348,4.3593402173913045,1.0639891518282596,6.902377046395181,0.040168
2024-11-01,Salvador,Venda,204.4,,0.1445,6766.0,4.284196052631579,4.577456578947369,5.374328411922269,5.003425992903776,0.04158036842105264
2024-12-01,Salvador,Venda,207.2,,0.1638,6857.0,4.820945238095239,4.975930952380953,12.528585967347606,8.705148078656745,0.044158333333333334
2025-01-01,Salvador,Venda,210.5,,0.18,6970.0,5.259276136363637,4.963214772727273,9.092218986531853,-0.2555537802950258,0.04583336363636364
2025-02-01,Salvador,Venda,215.0,,0.1911,7116.0,5.690838749999999,5.175330000000001,8.205741673316158,4.273746694144576,0.049037
2025-03-01,Salvador,Venda,218.6,,0.1962,7236.0,5.255302631578948,5.0825815789473685,-7.653285175600022,-1.792125739858752,0.05050815789473684
2025-04-01,Salvador,Venda,222.0,,0.2062999999999999,7349.0,4.990705,5.09747,-5.034869542792619,0.2929302918481591,0.05253100000000001
2022-01-01,São,Locacao,100.0,,0.0,34.7,5.182683333333333,5.935103571428572,,,0.034749
2022-02-01,São,Locacao,105.6,,0.0,36.7,5.332007894736842,6.120422368421053,2.88122101620798,3.122418922638537,0.03959757894736843
2022-03-01,São,Locacao,106.0,,0.0,36.8,5.784530681818182,6.808053409090909,8.486911422768518,11.235025939022748,0.041953500000000005
2022-04-01,São,Locacao,106.5,,0.0,37.0,5.715367105263158,6.757856578947368,-1.195664442967126,-0.7373154575507912,0.043739
2022-05-01,São,Locacao,108.2,,0.0,37.6,5.998756818181818,6.515722727272728,4.958381634973064,-3.582997787034359,0.04679627272727272
2022-06-01,São,Locacao,109.5,,0.0,38.0,5.834003571428572,6.245964285714285,-2.746456503352324,-4.140115423102952,0.048116142857142864
2022-07-01,São,Locacao,111.2,,0.0,38.6,5.181057142857143,5.805783333333333,-11.192081399626952,-7.047445874574243,0.049037
2022-08-01,São,Locacao,113.0,,0.0,39.2,5.405071739130435,5.148797826086956,4.323723713067507,-11.316052796430752,0.050559608695652174
2022-09-01,São,Locacao,114.9,,0.0,39.9,5.071798809523809,4.665683333333333,-6.165929809846382,-9.383054240465029,0.050788
2022-10-01,São,Locacao,117.0,,0.0,40.6,5.05433875,4.2630525,-0.3442577314191286,-8.629621956055022,0.050788
2022-11-01,São,Locacao,118.7,,0.0,41.2,5.2362275,4.39405,3.598665601904893,3.0728568320469885,0.050788
2022-12-01,São,Locacao,119.8,,0.2983,41.6,5.232951136363637,4.484347727272727,-0.0625710711836591,2.0549999948277,0.05078799999999999
2023-01-01,São,Locacao,122.8,,0.2281,42.6,5.453275,4.650378409090909,4.210317618013626,3.702448871402697,0.05078799999999999
2023-02-01,São,Locacao,124.1,,0.1743,43.1,5.678552777777778,4.643279166666667,4.131054784102739,-0.1526594569242756,0.050788
2023-03-01,São,Locacao,125.8,,0.187,43.7,5.503395652173913,4.722534782608696,-3.0845381289633766,1.706888883851554,0.050788
2023-04-01,São,Locacao,126.1,,0.184,43.8,5.282602777777778,4.31285,-4.01193896188291,-8.67510355069081,0.050788
2023-05-01,São,Locacao,127.8,,0.1810999999999999,44.4,4.933446590909091,3.9326511363636367,-6.609548390378228,-8.815490073532894,0.05078799999999999
2023-06-01,São,Locacao,129.0,,0.1778,44.8,4.266885714285714,3.534380952380952,-13.511058939031695,-10.12726962480962,0.050788
2023-07-01,São,Locacao,129.3,,0.1634,44.9,4.134565476190476,3.753894047619047,-3.101096372284473,6.210793295788308,0.050788
2023-08-01,São,Locacao,131.2,,0.1616,45.6,4.13858152173913,4.114457608695652,0.0971334369181287,9.605054285037596,0.04918926086956521
2023-09-01,São,Locacao,133.5,,0.1623,46.4,4.11075625,4.09599,-0.6723383747056833,-0.4488467363625847,0.0484217
2023-10-01,São,Locacao,134.9,,0.1527,46.9,3.951163095238095,4.222013095238095,-3.882330769719189,3.0767432351664903,0.047279
2023-11-01,São,Locacao,134.6,,0.134,46.7,3.9136225,4.29697875,-0.9501150505110356,1.7755902947448554,0.0456013
2023-12-01,São,Locacao,136.5,,0.1389,47.4,3.85192625,4.205685,-1.5764486738309769,-2.124603245943446,0.0445373
2024-01-01,São,Locacao,139.4,,0.1351,48.4,3.836232954545455,4.054798863636363,-0.4074142243648881,-3.587670887468664,0.043739
2024-02-01,São,Locacao,142.6,,0.1492,49.5,3.7164802631578944,3.8070263157894737,-3.121621987154566,-6.110600209271189,0.041957
2024-03-01,São,Locacao,142.5,,0.1322,49.5,3.47545875,3.90178375,-6.485209017445404,2.489014426234037,0.0414203
2024-04-01,São,Locacao,141.7,,0.1236999999999999,49.2,3.515184090909091,4.083145454545455,1.1430243822945885,4.648174172785846,0.040168
2024-05-01,São,Locacao,141.6,,0.108,49.2,3.629939285714285,4.466585714285714,3.264557184984196,9.390805789526912,0.039483809523809525
2024-06-01,São,Locacao,142.1,,0.1018999999999999,49.4,3.64047125,4.47748625,0.290141610003336,0.2440462673630516,0.03927
2024-07-01,São,Locacao,141.9,,0.0973,49.3,3.752504347826087,4.288230434782609,3.077433940072627,-4.226831857214341,0.03927
2024-08-01,São,Locacao,141.0,,0.0747,49.0,3.826120454545455,4.1475420454545455,1.9617860472837425,-3.2808029201722544,0.03927
2024-09-01,São,Locacao,140.7,,0.0533999999999999,48.9,4.022889285714286,4.077870238095239,5.142776697870799,-1.6798336604125108,0.03961209523809524
2024-10-01,São,Locacao,141.3,,0.0473,49.1,4.065692391304348,4.3593402173913045,1.0639891518282596,6.902377046395181,0.040168
2024-11-01,São,Locacao,144.9,,0.077,50.3,4.284196052631579,4.577456578947369,5.374328411922269,5.003425992903776,0.04158036842105264
2024-12-01,São,Locacao,149.2,,0.093,51.8,4.820945238095239,4.975930952380953,12.528585967347606,8.705148078656745,0.044158333333333334
2025-01-01,São,Locacao,153.4,,0.1007,53.3,5.259276136363637,4.963214772727273,9.092218986531853,-0.2555537802950258,0.04583336363636364
2025-02-01,São,Locacao,154.9,,0.0863,53.8,5.690838749999999,5.175330000000001,8.205741673316158,4.273746694144576,0.049037
2025-03-01,São,Locacao,155.5,,0.0917,54.0,5.255302631578948,5.0825815789473685,-7.653285175600022,-1.792125739858752,0.05050815789473684
2025-04-01,São,Locacao,155.7,,0.0989,54.1,4.990705,5.09747,-5.034869542792619,0.2929302918481591,0.05253100000000001
2022-01-01,São,Venda,100.0,,0.0,5230.0,5.182683333333333,5.935103571428572,,,0.034749
2022-02-01,São,Venda,101.2,,0.0,5291.0,5.332007894736842,6.120422368421053,2.88122101620798,3.122418922638537,0.03959757894736843
2022-03-01,São,Venda,102.9,,0.0,5382.0,5.784530681818182,6.808053409090909,8.486911422768518,11.235025939022748,0.041953500000000005
2022-04-01,São,Venda,106.8,,0.0,5585.0,5.715367105263158,6.757856578947368,-1.195664442967126,-0.7373154575507912,0.043739
2022-05-01,São,Venda,111.0,,0.0,5805.0,5.998756818181818,6.515722727272728,4.958381634973064,-3.582997787034359,0.04679627272727272
2022-06-01,São,Venda,114.9,,0.0,6009.0,5.834003571428572,6.245964285714285,-2.746456503352324,-4.140115423102952,0.048116142857142864
2022-07-01,São,Venda,116.9,,0.0,6112.0,5.181057142857143,5.805783333333333,-11.192081399626952,-7.047445874574243,0.049037
2022-08-01,São,Venda,118.6,,0.0,6201.0,5.405071739130435,5.148797826086956,4.323723713067507,-11.316052796430752,0.050559608695652174
2022-09-01,São,Venda,119.8,,0.0,6265.0,5.071798809523809,4.665683333333333,-6.165929809846382,-9.383054240465029,0.050788
2022-10-01,São,Venda,120.6,,0.0,6308.0,5.05433875,4.2630525,-0.3442577314191286,-8.629621956055022,0.050788
2022-11-01,São,Venda,121.5,,0.0,6357.0,5.2362275,4.39405,3.598665601904893,3.0728568320469885,0.050788
2022-12-01,São,Venda,122.2,,0.2311,6391.0,5.232951136363637,4.484347727272727,-0.0625710711836591,2.0549999948277,0.05078799999999999
2023-01-01,São,Venda,122.4,,0.2235,6399.0,5.453275,4.650378409090909,4.210317618013626,3.702448871402697,0.05078799999999999
2023-02-01,São,Venda,122.2,,0.208,6391.0,5.678552777777778,4.643279166666667,4.131054784102739,-0.1526594569242756,0.050788
2023-03-01,São,Venda,124.1,,0.206,6491.0,5.503395652173913,4.722534782608696,-3.0845381289633766,1.706888883851554,0.050788
2023-04-01,São,Venda,126.6,,0.1853,6620.0,5.282602777777778,4.31285,-4.01193896188291,-8.67510355069081,0.050788
2023-05-01,São,Venda,128.9,,0.1613,6741.0,4.933446590909091,3.9326511363636367,-6.609548390378228,-8.815490073532894,0.05078799999999999
2023-06-01,São,Venda,129.2,,0.1249,6760.0,4.266885714285714,3.534380952380952,-13.511058939031695,-10.12726962480962,0.050788
2023-07-01,São,Venda,128.9,,0.1033999999999999,6744.0,4.134565476190476,3.753894047619047,-3.101096372284473,6.210793295788308,0.050788
2023-08-01,São,Venda,129.0,,0.0877999999999999,6746.0,4.13858152173913,4.114457608695652,0.0971334369181287,9.605054285037596,0.04918926086956521
2023-09-01,São,Venda,128.5,,0.0729,6722.0,4.11075625,4.09599,-0.6723383747056833,-0.4488467363625847,0.0484217
2023-10-01,São,Venda,129.7,,0.0751999999999999,6782.0,3.951163095238095,4.222013095238095,-3.882330769719189,3.0767432351664903,0.047279
2023-11-01,São,Venda,131.2,,0.0791999999999999,6860.0,3.9136225,4.29697875,-0.9501150505110356,1.7755902947448554,0.0456013
2023-12-01,São,Venda,133.0,,0.0886999999999999,6958.0,3.85192625,4.205685,-1.5764486738309769,-2.124603245943446,0.0445373
2024-01-01,São,Venda,134.7,,0.1008,7044.0,3.836232954545455,4.054798863636363,-0.4074142243648881,-3.587670887468664,0.043739
2024-02-01,São,Venda,135.9,,0.1118,7106.0,3.7164802631578944,3.8070263157894737,-3.121621987154566,-6.110600209271189,0.041957
2024-03-01,São,Venda,136.7,,0.1018999999999999,7152.0,3.47545875,3.90178375,-6.485209017445404,2.489014426234037,0.0414203
2024-04-01,São,Venda,137.5,,0.0863,7191.0,3.515184090909091,4.083145454545455,1.1430243822945885,4.648174172785846,0.040168
2024-05-01,São,Venda,138.3,,0.0733999999999999,7236.0,3.629939285714285,4.466585714285714,3.264557184984196,9.390805789526912,0.039483809523809525
2024-06-01,São,Venda,140.4,,0.086,7341.0,3.64047125,4.47748625,0.290141610003336,0.2440462673630516,0.03927
2024-07-01,São,Venda,142.8,,0.1076999999999999,7471.0,3.752504347826087,4.288230434782609,3.077433940072627,-4.226831857214341,0.03927
2024-08-01,São,Venda,145.3,,0.1265,7599.0,3.826120454545455,4.1475420454545455,1.9617860472837425,-3.2808029201722544,0.03927
2024-09-01,São,Venda,146.6,,0.1406,7667.0,4.022889285714286,4.077870238095239,5.142776697870799,-1.6798336604125108,0.03961209523809524
2024-10-01,São,Venda,145.7,,0.1239,7622.0,4.065692391304348,4.3593402173913045,1.0639891518282596,6.902377046395181,0.040168
2024-11-01,São,Venda,144.8,,0.1036999999999999,7572.0,4.284196052631579,4.577456578947369,5.374328411922269,5.003425992903776,0.04158036842105264
2024-12-01,São,Venda,144.6,,0.0873,7565.0,4.820945238095239,4.975930952380953,12.528585967347606,8.705148078656745,0.044158333333333334
2025-01-01,São,Venda,146.0,,0.084,7636.0,5.259276136363637,4.963214772727273,9.092218986531853,-0.2555537802950258,0.04583336363636364
2025-02-01,São,Venda,147.7,,0.0871,7725.0,5.690838749999999,5.175330000000001,8.205741673316158,4.273746694144576,0.049037
2025-03-01,São,Venda,149.0,,0.0898,7795.0,5.255302631578948,5.0825815789473685,-7.653285175600022,-1.792125739858752,0.05050815789473684
2025-04-01,São,Venda,152.4,,0.1086999999999999,7973.0,4.990705,5.09747,-5.034869542792619,0.2929302918481591,0.05253100000000001
2022-01-01,Teresina,Locacao,100.0,,0.0,15.0,5.182683333333333,5.935103571428572,,,0.034749
2022-02-01,Teresina,Locacao,100.2,,0.0,15.0,5.332007894736842,6.120422368421053,2.88122101620798,3.122418922638537,0.03959757894736843
2022-03-01,Teresina,Locacao,100.5,,0.0,15.1,5.784530681818182,6.808053409090909,8.486911422768518,11.235025939022748,0.041953500000000005
2022-04-01,Teresina,Locacao,102.1,,0.0,15.3,5.715367105263158,6.757856578947368,-1.195664442967126,-0.7373154575507912,0.043739
2022-05-01,Teresina,Locacao,105.0,,0.0,15.8,5.998756818181818,6.515722727272728,4.958381634973064,-3.582997787034359,0.04679627272727272
2022-06-01,Teresina,Locacao,110.1,,0.0,16.5,5.834003571428572,6.245964285714285,-2.746456503352324,-4.140115423102952,0.048116142857142864
2022-07-01,Teresina,Locacao,114.5,,0.0,17.2,5.181057142857143,5.805783333333333,-11.192081399626952,-7.047445874574243,0.049037
2022-08-01,Teresina,Locacao,118.2,,0.0,17.7,5.405071739130435,5.148797826086956,4.323723713067507,-11.316052796430752,0.050559608695652174
2022-09-01,Teresina,Locacao,119.6,,0.0,17.9,5.071798809523809,4.665683333333333,-6.165929809846382,-9.383054240465029,0.050788
2022-10-01,Teresina,Locacao,119.1,,0.0,17.9,5.05433875,4.2630525,-0.3442577314191286,-8.629621956055022,0.050788
2022-11-01,Teresina,Locacao,118.7,,0.0,17.8,5.2362275,4.39405,3.598665601904893,3.0728568320469885,0.050788
2022-12-01,Teresina,Locacao,119.3,,0.2080999999999999,17.9,5.232951136363637,4.484347727272727,-0.0625710711836591,2.0549999948277,0.05078799999999999
2023-01-01,Teresina,Locacao,120.9,,0.2092999999999999,18.1,5.453275,4.650378409090909,4.210317618013626,3.702448871402697,0.05078799999999999
2023-02-01,Teresina,Locacao,122.7,,0.2243,18.4,5.678552777777778,4.643279166666667,4.131054784102739,-0.1526594569242756,0.050788
2023-03-01,Teresina,Locacao,124.0,,0.2341,18.6,5.503395652173913,4.722534782608696,-3.0845381289633766,1.706888883851554,0.050788
2023-04-01,Teresina,Locacao,124.7,,0.221,18.7,5.282602777777778,4.31285,-4.01193896188291,-8.67510355069081,0.050788
2023-05-01,Teresina,Locacao,124.8,,0.1888,18.7,4.933446590909091,3.9326511363636367,-6.609548390378228,-8.815490073532894,0.05078799999999999
2023-06-01,Teresina,Locacao,125.3,,0.1387,18.8,4.266885714285714,3.534380952380952,-13.511058939031695,-10.12726962480962,0.050788
2023-07-01,Teresina,Locacao,127.5,,0.1134,19.1,4.134565476190476,3.753894047619047,-3.101096372284473,6.210793295788308,0.050788
2023-08-01,Teresina,Locacao,130.2,,0.1012,19.5,4.13858152173913,4.114457608695652,0.0971334369181287,9.605054285037596,0.04918926086956521
2023-09-01,Teresina,Locacao,131.7,,0.1015,19.8,4.11075625,4.09599,-0.6723383747056833,-0.4488467363625847,0.0484217
2023-10-01,Teresina,Locacao,132.9,,0.1165,19.9,3.951163095238095,4.222013095238095,-3.882330769719189,3.0767432351664903,0.047279
2023-11-01,Teresina,Locacao,134.2,,0.1301,20.1,3.9136225,4.29697875,-0.9501150505110356,1.7755902947448554,0.0456013
2023-12-01,Teresina,Locacao,134.3,,0.1261999999999999,20.1,3.85192625,4.205685,-1.5764486738309769,-2.124603245943446,0.0445373
2024-01-01,Teresina,Locacao,132.0,,0.0911,19.8,3.836232954545455,4.054798863636363,-0.4074142243648881,-3.587670887468664,0.043739
2024-02-01,Teresina,Locacao,130.2,,0.0608,19.5,3.7164802631578944,3.8070263157894737,-3.121621987154566,-6.110600209271189,0.041957
2024-03-01,Teresina,Locacao,132.6,,0.0692,19.9,3.47545875,3.90178375,-6.485209017445404,2.489014426234037,0.0414203
2024-04-01,Teresina,Locacao,136.8,,0.0969,20.5,3.515184090909091,4.083145454545455,1.1430243822945885,4.648174172785846,0.040168
2024-05-01,Teresina,Locacao,139.6,,0.1183,20.9,3.629939285714285,4.466585714285714,3.264557184984196,9.390805789526912,0.039483809523809525
2024-06-01,Teresina,Locacao,139.5,,0.1131,20.9,3.64047125,4.47748625,0.290141610003336,0.2440462673630516,0.03927
2024-07-01,Teresina,Locacao,138.4,,0.0849,20.8,3.752504347826087,4.288230434782609,3.077433940072627,-4.226831857214341,0.03927
2024-08-01,Teresina,Locacao,139.3,,0.07,20.9,3.826120454545455,4.1475420454545455,1.9617860472837425,-3.2808029201722544,0.03927
2024-09-01,Teresina,Locacao,141.3,,0.0724,21.2,4.022889285714286,4.077870238095239,5.142776697870799,-1.6798336604125108,0.03961209523809524
2024-10-01,Teresina,Locacao,143.5,,0.0798,21.5,4.065692391304348,4.3593402173913045,1.0639891518282596,6.902377046395181,0.040168
2024-11-01,Teresina,Locacao,145.6,,0.0853999999999999,21.8,4.284196052631579,4.577456578947369,5.374328411922269,5.003425992903776,0.04158036842105264
2024-12-01,Teresina,Locacao,145.7,,0.0847,21.9,4.820945238095239,4.975930952380953,12.528585967347606,8.705148078656745,0.044158333333333334
2025-01-01,Teresina,Locacao,146.3,,0.1085999999999999,21.9,5.259276136363637,4.963214772727273,9.092218986531853,-0.2555537802950258,0.04583336363636364
2025-02-01,Teresina,Locacao,148.6,,0.1419,22.3,5.690838749999999,5.175330000000001,8.205741673316158,4.273746694144576,0.049037
2025-03-01,Teresina,Locacao,152.1,,0.1472,22.8,5.255302631578948,5.0825815789473685,-7.653285175600022,-1.792125739858752,0.05050815789473684
2025-04-01,Teresina,Locacao,155.9,,0.1394999999999999,23.4,4.990705,5.09747,-5.034869542792619,0.2929302918481591,0.05253100000000001
2022-01-01,Teresina,Venda,100.0,,0.0,4138.0,5.182683333333333,5.935103571428572,,,0.034749
2022-02-01,Teresina,Venda,100.9,,0.0,4174.0,5.332007894736842,6.120422368421053,2.88122101620798,3.122418922638537,0.03959757894736843
2022-03-01,Teresina,Venda,102.0,,0.0,4221.0,5.784530681818182,6.808053409090909,8.486911422768518,11.235025939022748,0.041953500000000005
2022-04-01,Teresina,Venda,103.9,,0.0,4298.0,5.715367105263158,6.757856578947368,-1.195664442967126,-0.7373154575507912,0.043739
2022-05-01,Teresina,Venda,107.8,,0.0,4461.0,5.998756818181818,6.515722727272728,4.958381634973064,-3.582997787034359,0.04679627272727272
2022-06-01,Teresina,Venda,111.9,,0.0,4629.0,5.834003571428572,6.245964285714285,-2.746456503352324,-4.140115423102952,0.048116142857142864
2022-07-01,Teresina,Venda,114.5,,0.0,4738.0,5.181057142857143,5.805783333333333,-11.192081399626952,-7.047445874574243,0.049037
2022-08-01,Teresina,Venda,114.8,,0.0,4748.0,5.405071739130435,5.148797826086956,4.323723713067507,-11.316052796430752,0.050559608695652174
2022-09-01,Teresina,Venda,114.7,,0.0,4744.0,5.071798809523809,4.665683333333333,-6.165929809846382,-9.383054240465029,0.050788
2022-10-01,Teresina,Venda,116.3,,0.0,4813.0,5.05433875,4.2630525,-0.3442577314191286,-8.629621956055022,0.050788
2022-11-01,Teresina,Venda,118.7,,0.0,4910.0,5.2362275,4.39405,3.598665601904893,3.0728568320469885,0.050788
2022-12-01,Teresina,Venda,121.0,,0.2069,5005.0,5.232951136363637,4.484347727272727,-0.0625710711836591,2.0549999948277,0.05078799999999999
2023-01-01,Teresina,Venda,122.4,,0.2239999999999999,5065.0,5.453275,4.650378409090909,4.210317618013626,3.702448871402697,0.05078799999999999
2023-02-01,Teresina,Venda,123.4,,0.2238,5107.0,5.678552777777778,4.643279166666667,4.131054784102739,-0.1526594569242756,0.050788
2023-03-01,Teresina,Venda,125.2,,0.2275,5181.0,5.503395652173913,4.722534782608696,-3.0845381289633766,1.706888883851554,0.050788
2023-04-01,Teresina,Venda,126.1,,0.2144,5219.0,5.282602777777778,4.31285,-4.01193896188291,-8.67510355069081,0.050788
2023-05-01,Teresina,Venda,126.0,,0.1687999999999999,5214.0,4.933446590909091,3.9326511363636367,-6.609548390378228,-8.815490073532894,0.05078799999999999
2023-06-01,Teresina,Venda,125.1,,0.1178999999999999,5175.0,4.266885714285714,3.534380952380952,-13.511058939031695,-10.12726962480962,0.050788
2023-07-01,Teresina,Venda,125.0,,0.0919,5174.0,4.134565476190476,3.753894047619047,-3.101096372284473,6.210793295788308,0.050788
2023-08-01,Teresina,Venda,125.5,,0.094,5194.0,4.13858152173913,4.114457608695652,0.0971334369181287,9.605054285037596,0.04918926086956521
2023-09-01,Teresina,Venda,126.3,,0.1013,5225.0,4.11075625,4.09599,-0.6723383747056833,-0.4488467363625847,0.0484217
2023-10-01,Teresina,Venda,127.0,,0.0919,5255.0,3.951163095238095,4.222013095238095,-3.882330769719189,3.0767432351664903,0.047279
2023-11-01,Teresina,Venda,127.5,,0.0746,5277.0,3.9136225,4.29697875,-0.9501150505110356,1.7755902947448554,0.0456013
2023-12-01,Teresina,Venda,128.1,,0.0587,5299.0,3.85192625,4.205685,-1.5764486738309769,-2.124603245943446,0.0445373
2024-01-01,Teresina,Venda,128.4,,0.0494,5315.0,3.836232954545455,4.054798863636363,-0.4074142243648881,-3.587670887468664,0.043739
2024-02-01,Teresina,Venda,126.5,,0.0250999999999999,5235.0,3.7164802631578944,3.8070263157894737,-3.121621987154566,-6.110600209271189,0.041957
2024-03-01,Teresina,Venda,126.0,,0.006,5213.0,3.47545875,3.90178375,-6.485209017445404,2.489014426234037,0.0414203
2024-04-01,Teresina,Venda,125.0,,-0.0088,5174.0,3.515184090909091,4.083145454545455,1.1430243822945885,4.648174172785846,0.040168
2024-05-01,Teresina,Venda,126.6,,0.0048,5239.0,3.629939285714285,4.466585714285714,3.264557184984196,9.390805789526912,0.039483809523809525
2024-06-01,Teresina,Venda,126.5,,0.0111,5232.0,3.64047125,4.47748625,0.290141610003336,0.2440462673630516,0.03927
2024-07-01,Teresina,Venda,127.8,,0.0218,5286.0,3.752504347826087,4.288230434782609,3.077433940072627,-4.226831857214341,0.03927
2024-08-01,Teresina,Venda,128.1,,0.0207,5302.0,3.826120454545455,4.1475420454545455,1.9617860472837425,-3.2808029201722544,0.03927
2024-09-01,Teresina,Venda,128.6,,0.0185,5321.0,4.022889285714286,4.077870238095239,5.142776697870799,-1.6798336604125108,0.03961209523809524
2024-10-01,Teresina,Venda,128.3,,0.0103,5309.0,4.065692391304348,4.3593402173913045,1.0639891518282596,6.902377046395181,0.040168
2024-11-01,Teresina,Venda,129.7,,0.0169,5366.0,4.284196052631579,4.577456578947369,5.374328411922269,5.003425992903776,0.04158036842105264
2024-12-01,Teresina,Venda,131.7,,0.0279999999999999,5448.0,4.820945238095239,4.975930952380953,12.528585967347606,8.705148078656745,0.044158333333333334
2025-01-01,Teresina,Venda,133.9,,0.0426,5541.0,5.259276136363637,4.963214772727273,9.092218986531853,-0.2555537802950258,0.04583336363636364
2025-02-01,Teresina,Venda,135.0,,0.0667,5585.0,5.690838749999999,5.175330000000001,8.205741673316158,4.273746694144576,0.049037
2025-03-01,Teresina,Venda,136.1,,0.0808,5634.0,5.255302631578948,5.0825815789473685,-7.653285175600022,-1.792125739858752,0.05050815789473684
2025-04-01,Teresina,Venda,136.1,,0.0886999999999999,5633.0,4.990705,5.09747,-5.034869542792619,0.2929302918481591,0.05253100000000001
